"date","geography","geography code","Method of travel to work (2001 specification): All categories: Method of travel to work (2001 specification); Industry: All categories: Industry; measures: Value","Method of travel to work (2001 specification): All categories: Method of travel to work (2001 specification); Industry: A, B, D, E Agriculture, energy and water; measures: Value","Method of travel to work (2001 specification): All categories: Method of travel to work (2001 specification); Industry: C Manufacturing; measures: Value","Method of travel to work (2001 specification): All categories: Method of travel to work (2001 specification); Industry: F Construction; measures: Value","Method of travel to work (2001 specification): All categories: Method of travel to work (2001 specification); Industry: G, I Distribution, hotels and restaurants; measures: Value","Method of travel to work (2001 specification): All categories: Method of travel to work (2001 specification); Industry: H, J Transport and communication; measures: Value","Method of travel to work (2001 specification): All categories: Method of travel to work (2001 specification); Industry: K, L, M, N Financial, Real Estate, Professional and Administrative activities; measures: Value","Method of travel to work (2001 specification): All categories: Method of travel to work (2001 specification); Industry: O, P, Q Public administration, education and health; measures: Value","Method of travel to work (2001 specification): All categories: Method of travel to work (2001 specification); Industry: R, S, T, U Other; measures: Value","Method of travel to work (2001 specification): Work mainly at or from home; Industry: All categories: Industry; measures: Value","Method of travel to work (2001 specification): Work mainly at or from home; Industry: A, B, D, E Agriculture, energy and water; measures: Value","Method of travel to work (2001 specification): Work mainly at or from home; Industry: C Manufacturing; measures: Value","Method of travel to work (2001 specification): Work mainly at or from home; Industry: F Construction; measures: Value","Method of travel to work (2001 specification): Work mainly at or from home; Industry: G, I Distribution, hotels and restaurants; measures: Value","Method of travel to work (2001 specification): Work mainly at or from home; Industry: H, J Transport and communication; measures: Value","Method of travel to work (2001 specification): Work mainly at or from home; Industry: K, L, M, N Financial, Real Estate, Professional and Administrative activities; measures: Value","Method of travel to work (2001 specification): Work mainly at or from home; Industry: O, P, Q Public administration, education and health; measures: Value","Method of travel to work (2001 specification): Work mainly at or from home; Industry: R, S, T, U Other; measures: Value","Method of travel to work (2001 specification): Train, underground, metro, light rail, tram, bus, minibus or coach; Industry: All categories: Industry; measures: Value","Method of travel to work (2001 specification): Train, underground, metro, light rail, tram, bus, minibus or coach; Industry: A, B, D, E Agriculture, energy and water; measures: Value","Method of travel to work (2001 specification): Train, underground, metro, light rail, tram, bus, minibus or coach; Industry: C Manufacturing; measures: Value","Method of travel to work (2001 specification): Train, underground, metro, light rail, tram, bus, minibus or coach; Industry: F Construction; measures: Value","Method of travel to work (2001 specification): Train, underground, metro, light rail, tram, bus, minibus or coach; Industry: G, I Distribution, hotels and restaurants; measures: Value","Method of travel to work (2001 specification): Train, underground, metro, light rail, tram, bus, minibus or coach; Industry: H, J Transport and communication; measures: Value","Method of travel to work (2001 specification): Train, underground, metro, light rail, tram, bus, minibus or coach; Industry: K, L, M, N Financial, Real Estate, Professional and Administrative activities; measures: Value","Method of travel to work (2001 specification): Train, underground, metro, light rail, tram, bus, minibus or coach; Industry: O, P, Q Public administration, education and health; measures: Value","Method of travel to work (2001 specification): Train, underground, metro, light rail, tram, bus, minibus or coach; Industry: R, S, T, U Other; measures: Value","Method of travel to work (2001 specification): Driving a car or van; Industry: All categories: Industry; measures: Value","Method of travel to work (2001 specification): Driving a car or van; Industry: A, B, D, E Agriculture, energy and water; measures: Value","Method of travel to work (2001 specification): Driving a car or van; Industry: C Manufacturing; measures: Value","Method of travel to work (2001 specification): Driving a car or van; Industry: F Construction; measures: Value","Method of travel to work (2001 specification): Driving a car or van; Industry: G, I Distribution, hotels and restaurants; measures: Value","Method of travel to work (2001 specification): Driving a car or van; Industry: H, J Transport and communication; measures: Value","Method of travel to work (2001 specification): Driving a car or van; Industry: K, L, M, N Financial, Real Estate, Professional and Administrative activities; measures: Value","Method of travel to work (2001 specification): Driving a car or van; Industry: O, P, Q Public administration, education and health; measures: Value","Method of travel to work (2001 specification): Driving a car or van; Industry: R, S, T, U Other; measures: Value","Method of travel to work (2001 specification): All other methods of travel to work; Industry: All categories: Industry; measures: Value","Method of travel to work (2001 specification): All other methods of travel to work; Industry: A, B, D, E Agriculture, energy and water; measures: Value","Method of travel to work (2001 specification): All other methods of travel to work; Industry: C Manufacturing; measures: Value","Method of travel to work (2001 specification): All other methods of travel to work; Industry: F Construction; measures: Value","Method of travel to work (2001 specification): All other methods of travel to work; Industry: G, I Distribution, hotels and restaurants; measures: Value","Method of travel to work (2001 specification): All other methods of travel to work; Industry: H, J Transport and communication; measures: Value","Method of travel to work (2001 specification): All other methods of travel to work; Industry: K, L, M, N Financial, Real Estate, Professional and Administrative activities; measures: Value","Method of travel to work (2001 specification): All other methods of travel to work; Industry: O, P, Q Public administration, education and health; measures: Value","Method of travel to work (2001 specification): All other methods of travel to work; Industry: R, S, T, U Other; measures: Value"
"2011","Darlington","E06000005",49215,915,4917,3759,10850,4709,6724,15326,2015,4237,219,328,531,733,435,871,858,262,4262,42,212,112,1450,420,670,1114,242,29061,521,3435,2485,5138,2777,3824,9870,1011,11655,133,942,631,3529,1077,1359,3484,500
"2011","County Durham","E06000047",228857,7807,30094,18873,45687,14910,25805,75768,9913,21017,1711,1570,2816,3775,1967,3599,4105,1474,15985,332,903,373,5245,906,2060,5285,881,147003,4634,21128,12773,24304,9838,16291,52690,5345,44852,1130,6493,2911,12363,2199,3855,13688,2213
"2011","Hartlepool","E06000001",37894,1619,4424,3778,7617,2224,4508,12059,1665,2506,126,161,452,433,212,428,498,196,3070,116,198,145,982,159,434,867,169,22916,951,3046,2469,3748,1311,2698,7904,789,9402,426,1019,712,2454,542,948,2790,511
"2011","Middlesbrough","E06000002",54709,1342,4456,4632,12868,4279,6963,17718,2451,3373,65,223,489,619,389,638,735,215,5635,190,218,255,1947,284,803,1654,284,31215,815,3060,2934,5996,2550,4069,10653,1138,14486,272,955,954,4306,1056,1453,4676,814
"2011","Northumberland","E06000057",147827,6614,13652,11697,30457,9919,19010,49298,7180,18334,2641,1078,2178,3116,1463,3388,3222,1248,10164,161,377,276,2750,663,1749,3585,603,90857,3039,9612,7616,15577,6284,11336,33699,3694,28472,773,2585,1627,9014,1509,2537,8792,1635
"2011","Redcar and Cleveland","E06000003",56593,2565,5852,4989,11927,3629,7105,17997,2529,4100,222,318,652,686,359,729,836,298,4575,246,202,253,1369,245,586,1402,272,36372,1663,4336,3279,6357,2458,4623,12345,1311,11546,434,996,805,3515,567,1167,3414,648
"2011","Stockton-on-Tees","E06000004",87397,2587,8710,7216,18907,6121,12637,27664,3555,6438,209,476,953,1067,685,1386,1253,409,6274,270,330,261,1977,379,1027,1675,355,57928,1506,6433,4978,10704,4156,8359,19810,1982,16757,602,1471,1024,5159,901,1865,4926,809
"2011","Gateshead","E08000037",92238,1654,9598,7238,20487,7689,12779,28770,4023,6463,164,523,928,1106,697,1270,1297,478,18956,207,1047,568,6151,1284,2960,5803,936,50382,1028,6313,4718,9053,4499,6560,16411,1800,16437,255,1715,1024,4177,1209,1989,5259,809
"2011","Newcastle upon Tyne","E08000021",119840,1626,7356,7641,28226,10009,18641,40132,6209,8545,147,466,990,1371,1021,1946,1910,694,29536,278,1056,846,9093,1969,5102,9508,1684,54307,908,4594,4599,9909,5088,7962,19045,2202,27452,293,1240,1206,7853,1931,3631,9669,1629
"2011","North Tyneside","E08000022",96409,1753,7912,7087,18933,8206,13622,34557,4339,7107,126,475,982,1112,856,1553,1499,504,18590,245,670,588,4575,1416,3166,6961,969,52672,1022,5274,4520,8431,4537,6911,20068,1909,18040,360,1493,997,4815,1397,1992,6029,957
"2011","South Tyneside","E08000023",64867,1550,7440,5350,13070,5250,8229,21113,2865,3927,101,342,555,686,416,728,858,241,13004,252,781,567,3593,902,2023,4211,675,35104,849,4635,3263,5702,2760,4270,12343,1282,12832,348,1682,965,3089,1172,1208,3701,667
"2011","Sunderland","E08000024",121920,3733,14117,9365,26512,9181,16638,37063,5311,7784,165,543,1290,1416,815,1500,1514,541,18890,539,1148,585,5789,1093,3042,5596,1098,70750,2204,9423,6027,12598,5651,9479,22852,2516,24496,825,3003,1463,6709,1622,2617,7101,1156
"2011","Blackburn with Darwen","E06000008",60726,779,9792,3890,13766,4422,7199,18560,2318,4986,140,489,634,1109,480,886,906,342,4254,38,418,102,1242,291,689,1247,227,36773,475,6225,2531,7351,2831,4168,12075,1117,14713,126,2660,623,4064,820,1456,4332,632
"2011","Blackpool","E06000009",61782,678,4926,4452,17525,4216,7115,19113,3757,6270,68,291,797,2465,540,861,853,395,5756,41,231,128,2298,316,632,1716,394,32963,409,3132,2769,6923,2309,4073,11638,1710,16793,160,1272,758,5839,1051,1549,4906,1258
"2011","Cheshire East","E06000049",182448,4947,22408,10985,38988,16767,33767,46221,8365,23884,1790,2084,2248,3897,2931,6081,3349,1504,8565,51,441,224,1718,1233,2334,2168,396,117462,2524,15608,7387,22839,10231,21140,32923,4810,32537,582,4275,1126,10534,2372,4212,7781,1655
"2011","Cheshire West and Chester","E06000050",161037,4829,18593,10284,36997,11827,29091,42320,7096,17470,1312,1389,1803,2964,1923,4375,2624,1080,8910,70,390,222,2909,650,2066,2167,436,104294,2792,14026,7093,20044,7454,18641,30333,3911,30363,655,2788,1166,11080,1800,4009,7196,1669
"2011","Halton","E06000006",57771,1573,7246,4271,13474,6237,7719,15058,2193,3741,119,302,545,632,522,747,648,226,4924,76,272,133,1609,362,788,1425,259,37735,1117,5322,2971,7568,4234,4986,10308,1229,11371,261,1350,622,3665,1119,1198,2677,479
"2011","Warrington","E06000007",101235,3126,8865,7289,22472,11319,16667,27080,4417,9452,322,736,1168,1426,1329,2241,1624,606,7185,136,240,167,2335,775,1456,1715,361,67832,2253,6655,5170,13185,7522,10820,19631,2596,16766,415,1234,784,5526,1693,2150,4110,854
"2011","Allerdale","E07000026",46455,3014,6908,4375,10933,2441,4562,12169,2053,6229,1257,345,714,1530,391,820,777,395,2139,86,207,139,832,89,195,486,105,27893,1353,4745,2674,5100,1546,2746,8671,1058,10194,318,1611,848,3471,415,801,2235,495
"2011","Barrow-in-Furness","E07000027",31344,997,6587,2391,6716,1796,2778,8849,1230,2029,110,195,316,371,170,309,392,166,2148,88,377,97,534,98,264,599,91,16760,612,3488,1407,2943,917,1370,5460,563,10407,187,2527,571,2868,611,835,2398,410
"2011","Carlisle","E07000028",54198,2206,5842,4439,14032,4515,6175,14553,2436,5605,1013,389,734,1012,441,844,798,374,4058,49,293,95,1681,200,526,988,226,30766,931,3468,2864,6811,2881,3391,9284,1136,13769,213,1692,746,4528,993,1414,3483,700
"2011","Copeland","E07000029",33073,3150,6598,3041,5890,1402,3411,8326,1255,2850,546,213,361,511,210,395,431,183,2082,130,287,167,677,79,185,436,121,20949,2000,4855,1872,2871,850,2179,5648,674,7192,474,1243,641,1831,263,652,1811,277
"2011","Eden","E07000030",27785,2767,1836,2784,7623,1744,3096,6639,1296,5983,1704,335,609,1257,368,756,631,323,808,19,53,29,373,44,86,169,35,15432,874,1079,1742,3664,1013,1749,4651,660,5562,170,369,404,2329,319,505,1188,278
"2011","South Lakeland","E07000031",52190,2350,4685,4418,15232,2574,6258,13735,2938,9356,1173,464,988,2584,577,1653,1289,628,1670,51,99,52,578,87,235,471,97,28620,897,3034,2722,6756,1371,3237,9103,1500,12544,229,1088,656,5314,539,1133,2872,713
"2011","Bolton","E08000001",123803,2509,13256,10433,29381,9552,18605,34751,5316,10199,263,901,1534,1987,1060,2071,1753,630,12905,191,859,340,3832,850,2887,3357,589,76865,1657,8678,7043,15837,6323,10966,23474,2887,23834,398,2818,1516,7725,1319,2681,6167,1210
"2011","Bury","E08000002",88452,1232,8072,6279,19462,7545,14836,27202,3824,7785,178,603,1014,1369,848,1812,1423,538,10482,89,503,234,2921,739,2642,2819,535,55561,828,5465,4297,10742,4910,8671,18666,1982,14624,137,1501,734,4430,1048,1711,4294,769
"2011","Manchester","E08000003",214459,1988,11198,10006,53419,20338,42792,63395,11323,15448,162,785,1181,2960,2089,3540,3341,1390,55313,336,1814,1064,17420,4062,13026,14493,3098,92132,1139,6364,6083,18242,9986,16108,30263,3947,51566,351,2235,1678,14797,4201,10118,15298,2888
"2011","Oldham","E08000004",96668,1340,10959,8057,24034,7805,13598,26991,3884,7433,183,583,1124,1596,776,1415,1335,421,11564,88,876,320,3541,767,2523,2888,561,57916,872,6888,5497,11972,5042,7751,17728,2166,19755,197,2612,1116,6925,1220,1909,5040,736
"2011","Rochdale","E08000005",91165,1242,10405,7661,21229,7721,12518,26686,3703,7175,165,597,1139,1525,676,1368,1320,385,9957,74,774,273,3016,703,2081,2547,489,56135,818,6617,5121,11269,5054,7288,18030,1938,17898,185,2417,1128,5419,1288,1781,4789,891
"2011","Salford","E08000006",107288,1804,8156,7757,26172,9209,19631,29521,5038,8062,154,557,963,1564,916,1885,1470,553,16001,147,597,393,5128,1075,3883,3989,789,57918,1158,5235,5195,11887,5414,9608,17041,2380,25307,345,1767,1206,7593,1804,4255,7021,1316
"2011","Stockport","E08000007",137978,1863,11821,10076,28087,12730,26507,40619,6275,13641,228,1003,1775,2101,1673,3516,2467,878,18050,146,829,450,4256,1532,5075,4801,961,85219,1216,8246,6828,15644,7895,15030,26979,3381,21068,273,1743,1023,6086,1630,2886,6372,1055
"2011","Tameside","E08000008",102255,1858,13520,8721,22770,7886,15870,27161,4469,7721,175,653,1207,1482,823,1533,1324,524,14863,155,1198,474,4131,887,3814,3471,733,61194,1277,8547,5914,11809,5078,8753,17458,2358,18477,251,3122,1126,5348,1098,1770,4908,854
"2011","Trafford","E08000009",111465,1582,8216,7257,22313,10695,24100,32162,5140,11312,190,726,1277,1691,1520,3127,2071,710,14533,96,462,327,3575,1184,4630,3535,724,67208,1023,5728,4907,11723,6447,13250,21448,2682,18412,273,1300,746,5324,1544,3093,5108,1024
"2011","Wigan","E08000010",150332,2820,17723,15148,33877,11945,20482,41411,6926,10932,338,949,1916,1988,1241,2052,1768,680,11900,99,724,399,3552,924,2408,3147,647,99549,2016,12286,10713,19529,8093,13207,29549,4156,27951,367,3764,2120,8808,1687,2815,6947,1443
"2011","Burnley","E07000117",38304,493,6844,2858,8268,2218,4580,11333,1710,2971,91,273,468,608,241,568,548,174,3444,17,416,102,1016,148,476,1069,200,23401,309,4458,1872,4224,1407,2691,7535,905,8488,76,1697,416,2420,422,845,2181,431
"2011","Chorley","E07000118",53890,1246,5898,4497,11400,3655,7685,17145,2364,5890,306,526,724,1042,598,1229,1112,353,2878,33,141,86,691,214,616,931,166,36467,745,4355,3134,6846,2403,4967,12670,1347,8655,162,876,553,2821,440,873,2432,498
"2011","Fylde","E07000119",34796,643,4335,2193,7235,2345,5384,11018,1643,4152,232,317,471,811,414,974,657,276,1807,17,106,39,556,131,286,541,131,22274,323,3038,1426,3778,1408,3372,8029,900,6563,71,874,257,2090,392,752,1791,336
"2011","Hyndburn","E07000120",36138,513,6106,2890,8364,2499,3761,10539,1466,2898,104,258,507,626,283,386,543,191,2598,16,299,61,854,115,357,764,132,23142,319,4192,1903,4432,1720,2454,7316,806,7500,74,1357,419,2452,381,564,1916,337
"2011","Lancaster","E07000121",63197,3404,3823,4528,14274,4431,6926,22683,3128,6772,686,371,786,1278,676,1152,1335,488,5033,74,123,115,1471,250,628,2064,308,35090,2082,2480,2892,6604,2423,3604,13566,1439,16302,562,849,735,4921,1082,1542,5718,893
"2011","Pendle","E07000122",39498,557,8323,2851,8794,2457,4735,10289,1492,3423,172,331,571,682,265,619,553,230,2409,15,414,54,788,117,306,612,103,24521,294,4989,1809,4779,1601,3035,7186,828,9145,76,2589,417,2545,474,775,1938,331
"2011","Preston","E07000123",64462,1211,7099,4279,15871,4877,8340,20256,2529,5113,267,380,620,977,571,996,980,322,8098,79,512,156,2568,571,1289,2566,357,36077,656,4808,2844,7334,2695,4466,12099,1175,15174,209,1399,659,4992,1040,1589,4611,675
"2011","Ribble Valley","E07000124",28940,1181,3793,2271,6156,1404,3760,9084,1291,4175,656,343,475,763,311,784,588,255,928,11,46,32,274,42,158,295,70,19189,449,2735,1521,3425,882,2448,7026,703,4648,65,669,243,1694,169,370,1175,263
"2011","Rossendale","E07000125",32936,480,4537,2889,6629,2199,4364,10430,1408,3322,100,323,559,603,320,628,614,175,2067,15,175,48,595,112,378,616,128,22384,286,3089,1921,4062,1505,2870,7798,853,5163,79,950,361,1369,262,488,1402,252
"2011","South Ribble","E07000126",56036,1262,6827,4554,11444,3995,7477,18200,2277,4775,282,361,728,803,524,972,821,284,3583,29,146,96,1071,257,635,1168,181,38267,737,5151,3133,6899,2667,4881,13435,1364,9411,214,1169,597,2671,547,989,2776,448
"2011","West Lancashire","E07000127",52045,2056,5498,3812,11437,3858,7170,15948,2266,5768,691,468,727,981,613,1080,881,327,3279,27,147,72,891,193,745,992,212,33307,979,3680,2605,6446,2421,4322,11555,1299,9691,359,1203,408,3119,631,1023,2520,428
"2011","Wyre","E07000128",48895,1629,4336,4337,10831,3145,5708,16633,2276,5543,538,342,855,1054,546,933,886,389,2599,77,137,92,855,224,305,774,135,31625,738,2970,2852,5998,1817,3703,12231,1316,9128,276,887,538,2924,558,767,2742,436
"2011","Knowsley","E08000011",61932,991,6005,5510,13033,5434,8594,19407,2958,3582,97,264,642,465,494,650,757,213,10458,85,489,369,3041,709,1965,3152,648,34797,607,3853,3562,6122,3308,4594,11346,1405,13095,202,1399,937,3405,923,1385,4152,692
"2011","Liverpool","E08000012",197457,2035,12431,12779,44796,16427,30165,68271,10553,12340,136,656,1465,2057,1649,2537,2838,1002,49003,333,1712,1344,14429,3184,9059,16004,2938,91877,1181,7323,7841,15506,8153,12832,35202,3839,44237,385,2740,2129,12804,3441,5737,14227,2774
"2011","Sefton","E08000014",122709,1878,8007,9132,26558,9383,18865,42798,6088,10380,195,680,1536,1782,1205,2288,1965,729,17882,148,540,485,4595,1199,3654,6275,986,69378,1137,5316,5927,12523,5259,9949,26362,2905,25069,398,1471,1184,7658,1720,2974,8196,1468
"2011","St. Helens","E08000013",78862,1827,8380,6545,17340,6609,10368,24378,3415,5408,191,444,908,921,654,1052,909,329,7276,69,334,166,2237,523,1290,2270,387,52032,1327,6227,4585,9860,4458,6491,17127,1957,14146,240,1375,886,4322,974,1535,4072,742
"2011","Wirral","E08000015",140681,2195,14146,9751,27222,9699,22476,48352,6840,11784,223,813,1629,1842,1357,2771,2321,828,19630,152,921,501,4681,1323,4261,6734,1057,84024,1456,9822,6335,13877,5481,12462,31125,3466,25243,364,2590,1286,6822,1538,2982,8172,1489
"2011","East Riding of Yorkshire","E06000011",159885,7624,17807,13288,33657,10951,18520,51003,7035,19401,2365,1411,2475,3710,1615,3526,3081,1218,6798,133,394,203,1818,523,1176,2221,330,101545,4057,12804,8987,18265,6836,11116,35609,3871,32141,1069,3198,1623,9864,1977,2702,10092,1616
"2011","Kingston upon Hull, City of","E06000010",111269,2248,16902,9334,27403,7939,12154,30542,4747,5742,123,470,989,1164,581,915,1091,409,15068,149,995,494,5386,846,2302,4034,862,56855,1316,9116,5850,11673,4507,5452,16857,2084,33604,660,6321,2001,9180,2005,3485,8560,1392
"2011","North East Lincolnshire","E06000012",71144,1531,11090,5865,17334,6299,7136,19073,2816,4690,150,401,739,983,459,826,834,298,4640,89,446,161,1704,209,546,1247,238,43388,948,7270,3959,9044,4450,4157,12145,1415,18426,344,2973,1006,5603,1181,1607,4847,865
"2011","North Lincolnshire","E06000013",78459,2683,15220,6234,17104,6087,7896,20380,2855,6960,557,665,875,1451,637,1205,1100,470,2248,41,228,48,762,112,297,634,126,52630,1678,10748,4430,10253,4436,4999,14465,1621,16621,407,3579,881,4638,902,1395,4181,638
"2011","York","E06000014",99183,1358,6622,6780,23944,7817,16163,31354,5145,9422,309,587,1126,1624,1048,2174,1743,811,9586,55,225,176,2843,857,2153,2715,562,45279,786,4092,4261,8806,3413,6591,15465,1865,34896,208,1718,1217,10671,2499,5245,11431,1907
"2011","Craven","E07000163",27916,1478,2751,2493,6247,1588,4519,7752,1088,4751,839,333,555,924,362,865,626,247,1553,24,101,43,315,126,404,492,48,15798,506,1767,1589,3033,823,2424,5091,565,5814,109,550,306,1975,277,826,1543,228
"2011","Hambleton","E07000164",45714,3048,3729,3447,9467,2510,5802,15537,2174,7526,1597,497,729,1283,499,1331,1145,445,1270,28,79,47,274,112,260,410,60,27442,1116,2540,2261,5153,1509,3447,10186,1230,9476,307,613,410,2757,390,764,3796,439
"2011","Harrogate","E07000165",82088,2920,5424,5790,19224,5254,15008,23615,4853,12446,1353,808,1299,2247,1080,3036,1843,780,5107,46,177,125,1455,395,1244,1318,347,47284,1172,3484,3703,9472,2941,8515,15194,2803,17251,349,955,663,6050,838,2213,5260,923
"2011","Richmondshire","E07000166",28015,1622,1689,2045,5313,1300,2864,11838,1344,5034,954,262,419,838,273,647,1332,309,956,20,24,24,240,43,121,434,50,15164,537,1038,1355,2676,814,1673,6360,711,6861,111,365,247,1559,170,423,3712,274
"2011","Ryedale","E07000167",25818,2239,2979,2105,5964,1265,3283,6146,1837,5283,1268,328,478,982,307,877,611,432,689,4,30,26,175,66,158,168,62,14534,788,1793,1339,2971,700,1777,4232,934,5312,179,828,262,1836,192,471,1135,409
"2011","Scarborough","E07000168",48747,1926,5065,3936,13883,2366,4803,14113,2655,6606,685,392,887,1861,403,980,950,448,2696,76,236,104,969,119,309,724,159,24511,862,3050,2352,5210,1209,2308,8346,1174,14934,303,1387,593,5843,635,1206,4093,874
"2011","Selby","E07000169",43495,2500,5079,3674,9093,3326,6680,11218,1925,5230,596,431,684,933,536,1041,710,299,2455,33,86,59,687,192,706,574,118,28914,1581,3602,2607,5309,2201,4212,8210,1192,6896,290,960,324,2164,397,721,1724,316
"2011","Barnsley","E08000016",104015,2654,13062,11125,22903,7425,12887,29643,4316,8066,423,680,1380,1541,774,1416,1339,513,8663,112,632,260,2701,652,1379,2473,454,67650,1767,9023,7930,13405,4909,8024,20117,2475,19636,352,2727,1555,5256,1090,2068,5714,874
"2011","Doncaster","E08000017",134460,3822,14322,13059,32864,12195,15360,37196,5642,11250,583,875,1719,2207,1088,1870,2187,721,12978,190,861,435,4485,1032,1966,3345,664,82613,2509,9507,8942,17626,7921,8823,24247,3038,27619,540,3079,1963,8546,2154,2701,7417,1219
"2011","Rotherham","E08000018",115323,2737,15449,11005,25401,8904,14700,32565,4562,8876,327,816,1338,1608,977,1583,1706,521,11498,153,1009,325,3639,800,1898,3141,533,75555,1932,11169,7837,14729,6024,9260,21944,2660,19394,325,2455,1505,5425,1103,1959,5774,848
"2011","Sheffield","E08000019",245255,2991,22859,18632,52095,18182,35410,83208,11878,18778,358,1305,2483,3120,2236,3969,3884,1423,46352,216,2872,1115,12026,2966,7719,16925,2513,129283,1991,15066,12718,23262,9813,17380,43850,5203,50842,426,3616,2316,13687,3167,6342,18549,2739
"2011","Bradford","E08000032",219947,3331,24927,14620,51212,17596,35655,63845,8761,19562,523,1554,2573,4041,1905,3873,3796,1297,30916,326,2237,733,7405,2052,7538,9169,1456,124520,2002,15438,9223,25657,11090,19072,37899,4139,44949,480,5698,2091,14109,2549,5172,12981,1869
"2011","Calderdale","E08000033",97063,1590,12997,7628,18448,6392,17659,28315,4034,9624,281,845,1410,1647,971,2123,1703,644,11345,122,913,256,2638,675,2686,3473,582,57892,964,8459,4967,9533,3830,10042,18085,2012,18202,223,2780,995,4630,916,2808,5054,796
"2011","Kirklees","E08000034",193183,3211,29087,14869,43009,14116,27244,53938,7709,17926,483,1826,2586,3342,1729,3682,3156,1122,20395,198,1910,557,5871,1302,3761,5798,998,119209,2025,18849,9930,23414,9205,16336,35415,4035,35653,505,6502,1796,10382,1880,3465,9569,1554
"2011","Leeds","E08000035",356677,6193,29818,25417,78573,28297,68637,102820,16922,29997,637,2193,3965,5142,3474,7064,5455,2067,61705,735,2811,1443,16268,4076,15243,17926,3203,191282,3801,19456,16578,34942,15910,34202,58591,7802,73693,1020,5358,3431,22221,4837,12128,20848,3850
"2011","Wakefield","E08000036",152354,4038,17425,13131,37909,12317,20554,41066,5914,11496,433,929,1852,2151,1198,2173,2075,685,14648,180,1145,392,4368,1113,2828,3908,714,95603,2888,11621,9033,21515,7954,12288,27103,3201,30607,537,3730,1854,9875,2052,3265,7980,1314
"2011","Derby","E06000015",112844,2074,17865,7221,24878,9611,14451,32094,4650,7899,150,737,1023,1430,933,1581,1509,536,11295,92,853,230,3445,790,1590,3720,575,66140,1472,12228,4871,11979,6004,8311,18989,2286,27510,360,4047,1097,8024,1884,2969,7876,1253
"2011","Leicester","E06000016",137987,2968,20674,7109,34420,10601,17950,38826,5439,9486,189,1040,895,2027,1054,1714,1915,652,20066,325,1861,437,5901,1050,3281,6336,875,68057,1844,10762,4414,15706,6032,8411,18828,2060,40378,610,7011,1363,10786,2465,4544,11747,1852
"2011","Nottingham","E06000018",123743,2630,10328,7642,31699,10736,17693,36902,6113,8957,141,588,962,1816,1045,1789,1975,641,28199,562,1618,631,8428,2078,4722,8711,1449,54206,1351,5873,4675,11401,5100,6903,16541,2362,32381,576,2249,1374,10054,2513,4279,9675,1661
"2011","Rutland","E06000017",18195,621,2030,1165,3789,1068,2518,6185,819,3076,255,251,238,535,257,729,598,213,531,2,20,20,112,38,144,146,49,10561,293,1379,760,2085,613,1409,3627,395,4027,71,380,147,1057,160,236,1814,162
"2011","Amber Valley","E07000032",59625,1424,11277,5489,12102,4108,6837,15791,2597,5781,353,544,790,1045,551,1141,968,389,3117,42,294,90,994,242,419,855,181,40303,891,8057,4000,7257,2759,4369,11402,1568,10424,138,2382,609,2806,556,908,2566,459
"2011","Bolsover","E07000033",34676,1076,5275,3052,8401,2592,3532,9262,1486,2886,161,318,445,653,272,472,396,169,1929,30,132,53,644,107,224,607,132,23818,752,3888,2118,5175,1868,2371,6729,917,6043,133,937,436,1929,345,465,1530,268
"2011","Chesterfield","E07000034",48095,864,5493,3684,11184,4205,5563,14942,2160,3808,103,303,498,724,473,721,726,260,4529,28,319,101,1453,369,603,1395,261,30170,626,3889,2613,6002,2602,3298,10002,1138,9588,107,982,472,3005,761,941,2819,501
"2011","Derbyshire Dales","E07000035",35354,2162,3995,2985,7510,2303,4677,9719,2003,6559,951,500,693,1289,585,1227,848,466,1245,16,83,38,315,75,208,418,92,21634,1032,2781,1926,3817,1352,2676,6985,1065,5916,163,631,328,2089,291,566,1468,380
"2011","Erewash","E07000036",55112,1156,9016,4775,12369,4822,6753,14061,2160,4690,171,513,693,880,477,942,716,298,4646,65,327,145,1425,314,769,1384,217,35188,801,6047,3321,6941,3300,4191,9378,1209,10588,119,2129,616,3123,731,851,2583,436
"2011","High Peak","E07000037",45862,1394,6113,3488,9035,3402,6720,13549,2161,5593,384,427,664,1024,645,1189,931,329,3855,37,224,85,731,279,1038,1295,166,27237,796,4056,2291,4467,2001,3626,8825,1175,9177,177,1406,448,2813,477,867,2498,491
"2011","North East Derbyshire","E07000038",47132,1229,6307,4537,10323,3245,6115,13251,2125,4799,370,434,742,865,447,973,693,275,3474,22,206,68,1092,257,584,1038,207,32440,715,4673,3241,6527,2233,4004,9713,1334,6419,122,994,486,1839,308,554,1807,309
"2011","South Derbyshire","E07000039",48103,1524,8233,3762,9888,4257,6050,12302,2087,5174,402,464,605,951,542,1085,789,336,1720,19,120,51,557,157,262,447,107,34371,958,6410,2736,6398,3140,4121,9306,1302,6838,145,1239,370,1982,418,582,1760,342
"2011","Blaby","E07000129",48510,1379,5565,4667,11228,3347,6671,13658,1995,4867,220,467,793,832,475,1022,752,306,2874,34,146,66,857,141,531,944,155,33474,926,4163,3358,7371,2291,4346,9820,1199,7295,199,789,450,2168,440,772,2142,335
"2011","Charnwood","E07000130",79998,1961,10730,6182,17832,5314,10689,23377,3913,8061,307,808,1001,1540,806,1697,1355,547,5178,56,271,146,1482,308,877,1695,343,50924,1363,7514,4293,10007,3506,6576,15496,2169,15835,235,2137,742,4803,694,1539,4831,854
"2011","Harborough","E07000131",44413,1499,4594,3590,10001,3244,7316,12178,1991,6578,592,584,717,1108,593,1559,1005,420,1742,19,71,56,377,159,476,478,106,29296,750,3298,2500,6200,2085,4362,8964,1137,6797,138,641,317,2316,407,919,1731,328
"2011","Hinckley and Bosworth","E07000132",54065,2339,7450,4476,12375,4397,7162,13640,2226,5915,429,568,764,1002,681,1236,871,364,2025,84,119,51,535,137,394,600,105,37362,1415,5480,3172,8245,3058,4706,9968,1318,8763,411,1283,489,2593,521,826,2201,439
"2011","Melton","E07000133",26380,1080,4416,1982,5341,1705,3568,6780,1508,3578,428,381,417,583,297,813,427,232,1031,13,67,33,241,67,173,280,157,16645,519,2941,1308,3004,1079,2131,4866,797,5126,120,1027,224,1513,262,451,1207,322
"2011","North West Leicestershire","E07000134",46522,1631,6792,4130,10242,4776,5933,11069,1949,5069,315,477,609,988,595,1041,761,283,1267,24,98,32,416,89,209,326,73,32819,1108,5046,3096,6591,3495,3927,8309,1247,7367,184,1171,393,2247,597,756,1673,346
"2011","Oadby and Wigston","E07000135",26550,565,2998,1865,6161,1683,3768,8470,1040,2235,47,202,298,412,235,497,389,155,2473,34,107,46,675,140,443,904,124,17014,406,2145,1321,3529,1074,2352,5637,550,4828,78,544,200,1545,234,476,1540,211
"2011","Boston","E07000136",30978,2056,5542,1847,7499,1946,3496,7575,1017,2892,370,269,317,600,275,438,448,175,747,46,104,27,204,28,167,144,27,18558,1069,3277,1247,4231,1258,1871,5073,532,8781,571,1892,256,2464,385,1020,1910,283
"2011","East Lindsey","E07000137",56911,3595,5310,4469,15023,3138,5571,16646,3159,8931,1330,628,950,2375,622,1197,1201,628,1242,24,55,39,524,63,147,297,93,34195,1804,3486,2936,7740,1907,3239,11427,1656,12543,437,1141,544,4384,546,988,3721,782
"2011","Lincoln","E07000138",44776,1216,4870,3457,11798,2944,4732,13710,2049,3132,68,238,437,603,332,527,665,262,2797,57,256,62,989,158,349,781,145,23483,775,2627,2252,4949,1626,2237,8052,965,15364,316,1749,706,5257,828,1619,4212,677
"2011","North Kesteven","E07000139",52708,2415,5020,4256,10579,3248,5372,19643,2175,6063,611,495,713,1040,572,1058,1193,381,2120,46,196,48,620,131,332,640,107,35004,1441,3473,3027,6224,2097,3288,14206,1248,9521,317,856,468,2695,448,694,3604,439
"2011","South Holland","E07000140",41801,3124,6584,3268,10190,3396,5511,8213,1515,5066,820,451,541,955,493,860,636,310,1023,31,65,46,317,77,230,212,45,27869,1731,4580,2321,6511,2382,3436,6026,882,7843,542,1488,360,2407,444,985,1339,278
"2011","South Kesteven","E07000141",66971,2302,8617,5165,15000,4745,9344,18598,3200,8118,635,721,971,1370,782,1804,1273,562,2693,26,186,79,655,320,658,635,134,42368,1343,5760,3526,8567,2970,5440,13076,1686,13792,298,1950,589,4408,673,1442,3614,818
"2011","West Lindsey","E07000142",42323,2857,4725,3578,8393,2628,4656,13715,1771,5866,902,440,717,1074,431,1008,906,388,1025,25,59,28,301,58,154,346,54,28265,1569,3323,2468,4940,1784,2921,10289,971,7167,361,903,365,2078,355,573,2174,358
"2011","Corby","E07000150",30779,374,7277,1752,8369,3059,3089,5831,1028,1880,42,206,229,341,263,348,333,118,2150,12,412,63,744,160,273,395,91,19103,246,4641,1214,4776,1936,1878,3864,548,7646,74,2018,246,2508,700,590,1239,271
"2011","Daventry","E07000151",39789,1204,4947,2863,9007,3905,6474,9535,1854,5867,454,535,532,953,637,1510,869,377,1273,16,47,55,280,134,388,279,74,26789,601,3514,2034,5912,2677,3993,6948,1110,5860,133,851,242,1862,457,583,1439,293
"2011","East Northamptonshire","E07000152",43651,1142,5281,3807,9669,3871,6495,11361,2025,5264,317,459,554,824,615,1244,865,386,1320,11,58,52,271,160,379,338,51,30133,688,3830,2782,6498,2672,4193,8214,1256,6934,126,934,419,2076,424,679,1944,332
"2011","Kettering","E07000153",47164,812,6457,3812,10997,3897,6283,13006,1900,4625,188,413,583,828,552,957,822,282,2107,13,162,70,550,214,432,575,91,31211,539,4562,2733,6808,2541,4003,8906,1119,9221,72,1320,426,2811,590,891,2703,408
"2011","Northampton","E07000154",107167,1424,10316,7858,25260,11733,17692,28181,4703,8548,107,659,1098,1540,1153,1946,1453,592,9163,115,538,229,2684,1045,1699,2393,460,66418,968,6830,5528,14149,7359,11060,17931,2593,23038,234,2289,1003,6887,2176,2987,6404,1058
"2011","South Northamptonshire","E07000155",46045,1398,4927,3616,9581,4057,8215,11570,2681,6918,559,596,720,1094,808,1699,986,456,1770,17,76,81,404,208,515,375,94,31762,687,3747,2533,6343,2724,5334,8657,1737,5595,135,508,282,1740,317,667,1552,394
"2011","Wellingborough","E07000156",36504,616,5104,2874,8854,3702,5216,8750,1388,3363,138,329,458,621,414,697,522,184,1613,16,92,41,400,221,328,431,84,24353,375,3564,2032,5550,2445,3361,6165,861,7175,87,1119,343,2283,622,830,1632,259
"2011","Ashfield","E07000170",55484,1337,9130,5363,12982,4193,5797,14595,2087,4209,151,449,763,862,408,656,684,236,4653,90,361,158,1436,367,730,1318,193,35972,939,6476,3779,7366,2679,3598,9894,1241,10650,157,1844,663,3318,739,813,2699,417
"2011","Bassetlaw","E07000171",53092,2492,6949,4538,12580,3832,5213,15198,2290,5624,529,528,750,1010,470,947,1015,375,1858,24,145,47,612,142,245,546,97,35110,1658,4722,3098,7541,2576,3287,10907,1321,10500,281,1554,643,3417,644,734,2730,497
"2011","Broxtowe","E07000172",53367,1065,6266,4123,11431,4216,7024,17003,2239,4737,111,406,635,818,538,1021,919,289,6112,94,290,128,1503,392,1102,2306,297,32363,749,4392,2894,6231,2630,3907,10356,1204,10155,111,1178,466,2879,656,994,3422,449
"2011","Gedling","E07000173",55929,1360,5096,5131,12226,4090,7581,17857,2588,5267,203,468,793,876,494,1102,1012,319,8105,179,321,195,2375,605,1443,2552,435,33804,843,3522,3582,6265,2443,4225,11559,1365,8753,135,785,561,2710,548,811,2734,469
"2011","Mansfield","E07000174",48561,1463,5981,4719,12092,3218,5112,13872,2104,3669,119,289,624,693,357,680,680,227,3298,61,292,93,1161,183,436,899,173,32091,1105,4277,3398,6924,2113,3142,9895,1237,9503,178,1123,604,3314,565,854,2398,467
"2011","Newark and Sherwood","E07000175",54899,2475,6452,4679,12608,4171,6440,15443,2631,7086,588,626,789,1207,623,1377,1419,457,2268,39,111,73,652,203,395,653,142,34677,1544,4227,3261,7088,2541,3742,10829,1445,10868,304,1488,556,3661,804,926,2542,587
"2011","Rushcliffe","E07000176",55665,1514,4506,3677,10674,4254,9757,18431,2852,7535,393,607,766,1110,817,1960,1369,513,5405,94,188,109,1371,373,1180,1797,293,34680,887,3283,2475,5970,2600,5531,12409,1525,8045,140,428,327,2223,464,1086,2856,521
"2011","Herefordshire, County of","E06000019",91250,6168,11473,7917,19981,4772,11687,25021,4231,15685,3071,1202,1643,2676,1100,2801,2107,1085,2208,44,117,66,718,128,354,643,138,52942,2322,7169,5196,10310,2766,6504,16595,2080,20415,731,2985,1012,6277,778,2028,5676,928
"2011","Shropshire","E06000051",152309,8362,16106,12619,32827,9972,18910,46375,7138,23567,3961,1689,2579,4025,1937,4135,3638,1603,4784,55,228,100,1441,352,873,1442,293,92722,3542,10938,8313,17440,6029,10985,31725,3750,31236,804,3251,1627,9921,1654,2917,9570,1492
"2011","Stoke-on-Trent","E06000021",108538,2040,14795,8654,27222,9323,12441,28425,5638,7010,148,657,1208,1367,752,1175,1230,473,9311,102,783,253,3372,706,1159,2253,683,67945,1412,9978,5764,14978,6051,7893,18883,2986,24272,378,3377,1429,7505,1814,2214,6059,1496
"2011","Telford and Wrekin","E06000020",78624,2049,13271,4989,16932,6499,9434,22321,3129,6395,406,615,738,1122,747,1275,1141,351,4230,54,434,101,1392,320,645,1081,203,52521,1285,9215,3373,9939,4445,6002,16343,1919,15478,304,3007,777,4479,987,1512,3756,656
"2011","Cannock Chase","E07000192",47599,1235,6826,5530,11247,3570,5192,12067,1932,3773,90,413,670,707,397,708,586,202,2299,23,173,88,727,145,380,654,109,33373,904,4963,3984,7236,2551,3439,9006,1290,8154,218,1277,788,2577,477,665,1821,331
"2011","East Staffordshire","E07000193",55186,1665,9078,4325,12561,4775,6263,14030,2489,5650,538,528,681,1011,606,1067,862,357,2237,23,173,62,714,209,384,551,121,34754,915,6134,2945,6871,3067,3764,9657,1401,12545,189,2243,637,3965,893,1048,2960,610
"2011","Lichfield","E07000194",49339,1315,5746,4347,10788,3758,7511,13515,2359,6262,367,562,814,1071,593,1496,960,399,2748,46,149,88,569,218,778,777,123,33367,761,4230,3034,6748,2586,4517,10044,1447,6962,141,805,411,2400,361,720,1734,390
"2011","Newcastle-under-Lyme","E07000195",57642,1177,7200,4674,13704,4417,7064,16761,2645,5048,273,444,784,945,516,891,866,329,3152,31,249,85,1060,230,455,825,217,38815,730,5346,3150,8265,2931,4755,12063,1575,10627,143,1161,655,3434,740,963,3007,524
"2011","South Staffordshire","E07000196",53674,1507,6533,5304,11355,3377,7748,15401,2449,6130,389,586,967,1046,557,1307,912,366,3070,22,181,93,759,197,701,934,183,38142,971,5112,3727,7496,2308,5097,11887,1544,6332,125,654,517,2054,315,643,1668,356
"2011","Stafford","E07000197",64886,2307,6359,4525,13579,4810,8119,22076,3111,7885,917,646,806,1329,779,1570,1365,473,3042,17,138,101,844,274,573,938,157,41442,1119,4427,3032,7625,2969,4896,15518,1856,12517,254,1148,586,3781,788,1080,4255,625
"2011","Staffordshire Moorlands","E07000198",47942,1983,7015,4184,9406,2958,6770,12933,2693,6073,951,522,811,1139,463,1077,742,368,1480,11,127,50,394,128,253,334,183,32956,874,5276,2884,5684,2051,4511,9971,1705,7433,147,1090,439,2189,316,929,1886,437
"2011","Tamworth","E07000199",38392,636,5264,3153,10107,4346,5137,8017,1732,2809,56,299,391,556,310,563,450,184,2236,19,107,63,661,205,515,509,157,26104,492,3824,2301,6346,3153,3277,5663,1048,7243,69,1034,398,2544,678,782,1395,343
"2011","North Warwickshire","E07000218",31418,1075,4014,2825,7051,3617,4106,7378,1352,3451,260,292,464,679,412,644,507,193,1414,22,80,50,392,121,361,313,75,21907,689,3057,1997,4575,2552,2700,5473,864,4646,104,585,314,1405,532,401,1085,220
"2011","Nuneaton and Bedworth","E07000219",60416,1169,8683,3847,14415,6240,7387,16082,2593,4443,108,454,598,784,598,824,824,253,3429,65,234,92,1115,258,557,941,167,40650,844,6438,2643,8756,4295,4861,11214,1599,11894,152,1557,514,3760,1089,1145,3103,574
"2011","Rugby","E07000220",50716,1239,6031,3415,11547,6051,7015,13239,2179,5297,375,468,533,903,653,1187,849,329,2388,30,108,74,533,311,566,650,116,32673,695,4285,2338,6957,3949,4193,8982,1274,10358,139,1170,470,3154,1138,1069,2758,460
"2011","Stratford-on-Avon","E07000221",61377,2415,5914,4399,13948,4775,12074,14321,3531,10476,882,740,979,1872,1058,2874,1357,714,2204,22,84,65,531,191,725,452,134,38758,1281,4338,2960,7829,3005,7105,10282,1958,9939,230,752,395,3716,521,1370,2230,725
"2011","Warwick","E07000222",70069,1890,7257,3793,14143,6130,12718,20504,3634,8380,252,644,742,1261,1141,2281,1443,616,4817,126,168,97,937,485,1271,1469,264,42858,1177,5146,2524,7500,3511,7398,13674,1928,14014,335,1299,430,4445,993,1768,3918,826
"2011","Birmingham","E08000025",425748,5190,39375,25808,93649,37010,69758,135331,19627,33231,394,2321,3668,6046,3826,7064,7578,2334,92371,912,5737,2457,23756,6180,20168,28612,4549,224465,3259,24733,16464,42912,22103,32091,74322,8581,75681,625,6584,3219,20935,4901,10435,24819,4163
"2011","Coventry","E08000026",138142,2494,15971,7478,31953,13483,20383,40056,6324,10157,156,815,1168,1804,1440,1920,2183,671,17971,301,906,344,4915,1277,3458,5897,873,78225,1597,10848,4910,15738,8008,11392,22588,3144,31789,440,3402,1056,9496,2758,3613,9388,1636
"2011","Dudley","E08000027",142669,3034,20136,13046,31491,9699,18613,40848,5802,11139,228,1108,1894,2064,1210,2151,1832,652,14551,196,1198,430,4055,937,3080,3955,700,94409,2215,14257,9117,18921,6441,11291,28718,3449,22570,395,3573,1605,6451,1111,2091,6343,1001
"2011","Sandwell","E08000028",129039,2783,18837,9794,29906,10946,17233,34106,5434,7902,148,805,1128,1708,875,1280,1493,465,23148,334,2237,768,6313,1500,4581,6254,1161,74057,1776,11466,6241,15364,7020,9060,20460,2670,23932,525,4329,1657,6521,1551,2312,5899,1138
"2011","Solihull","E08000029",98539,2488,9944,7656,20119,8734,18845,26537,4216,10163,283,809,1308,1570,1209,2874,1581,529,13183,303,714,394,3276,943,3889,3129,535,62608,1660,7244,5231,11352,5740,10473,18419,2489,12585,242,1177,723,3921,842,1609,3408,663
"2011","Walsall","E08000030",112780,2026,16380,9827,26975,8682,14215,30210,4465,8251,149,881,1279,1623,780,1571,1508,460,13275,169,1328,374,3766,834,2381,3799,624,71052,1392,10847,6836,15541,5839,8442,19650,2505,20202,316,3324,1338,6045,1229,1821,5253,876
"2011","Wolverhampton","E08000031",104765,1866,14122,7619,23631,8596,13676,30880,4375,7343,103,660,1043,1454,770,1422,1433,458,16134,211,1503,461,4325,1228,2844,4829,733,60641,1230,8868,5024,12064,5211,7337,18738,2169,20647,322,3091,1091,5788,1387,2073,5880,1015
"2011","Bromsgrove","E07000234",46604,989,5037,3828,8858,3119,8113,14469,2191,5895,260,547,773,894,626,1506,942,347,2987,25,110,71,489,223,998,908,163,31921,631,3862,2626,5604,2044,4992,10778,1384,5801,73,518,358,1871,226,617,1841,297
"2011","Malvern Hills","E07000235",34767,1497,3772,2766,6866,2194,5682,10265,1725,6450,688,510,660,1157,581,1472,953,429,1184,11,49,30,250,73,281,418,72,22011,646,2605,1819,3952,1312,3304,7407,966,5122,152,608,257,1507,228,625,1487,258
"2011","Redditch","E07000236",43095,716,8228,3116,9858,3391,5801,10468,1517,3670,95,394,473,599,501,794,619,195,3774,31,858,96,1065,202,591,822,109,28357,500,5247,2177,5935,2234,3691,7577,996,7294,90,1729,370,2259,454,725,1450,217
"2011","Worcester","E07000237",50330,952,5975,3125,11622,4018,6839,15458,2341,4274,78,368,489,750,540,933,800,316,3163,30,171,57,1000,220,575,958,152,29499,677,3940,2164,5616,2383,3752,9818,1149,13394,167,1496,415,4256,875,1579,3882,724
"2011","Wychavon","E07000238",58785,2426,7389,4618,13210,4153,9414,14868,2707,8750,803,741,989,1564,841,2001,1270,541,1821,39,182,35,452,131,454,461,67,38929,1284,5227,3171,8014,2684,5912,10989,1648,9285,300,1239,423,3180,497,1047,2148,451
"2011","Wyre Forest","E07000239",46672,1077,7144,3679,10852,3370,6070,12172,2308,5254,233,552,682,1036,474,1111,831,335,2033,15,118,43,527,172,450,563,145,30846,698,5099,2530,6443,2241,3771,8714,1350,8539,131,1375,424,2846,483,738,2064,478
"2011","Bedford","E06000055",76270,1761,6487,5746,16450,7274,11890,23255,3407,8065,366,580,871,1465,989,1851,1417,526,6710,69,325,224,1248,833,1768,1916,327,45738,1008,4347,3940,9159,4200,6412,14870,1802,15757,318,1235,711,4578,1252,1859,5052,752
"2011","Central Bedfordshire","E06000056",132767,2281,13347,12832,27815,13135,21526,34914,6917,15014,567,1220,1923,2431,2002,3524,2389,958,11056,68,424,525,1680,1559,3278,2916,606,87578,1399,9887,9101,17947,8286,12715,24139,4104,19119,247,1816,1283,5757,1288,2009,5470,1249
"2011","Luton","E06000032",89589,817,8302,7265,21406,11966,13517,22513,3803,6239,54,442,840,1127,914,1260,1223,379,11971,37,526,488,3207,1581,2694,2944,494,49313,531,5182,4760,10604,7156,6917,12262,1901,22066,195,2152,1177,6468,2315,2646,6084,1029
"2011","Peterborough","E06000031",88414,1706,10446,5277,20447,8740,16019,22229,3550,7250,225,544,758,1203,924,1722,1357,517,8642,99,623,192,2353,942,2084,2004,345,50873,1004,6662,3630,10524,5022,8902,13311,1818,21649,378,2617,697,6367,1852,3311,5557,870
"2011","Southend-on-Sea","E06000033",81899,865,5590,6598,15451,6599,19112,23455,4229,7586,82,439,939,1271,980,1965,1355,555,17087,93,616,814,2208,1616,7560,3468,712,39130,539,3520,4109,7155,2903,6589,12440,1875,18096,151,1015,736,4817,1100,2998,6192,1087
"2011","Thurrock","E06000034",77668,1635,5707,7523,18769,9908,13649,17530,2947,5233,130,328,719,902,802,1138,860,354,15903,100,425,1177,3059,1707,5950,2921,564,45496,1225,4272,4828,11099,6044,5427,11046,1555,11036,180,682,799,3709,1355,1134,2703,474
"2011","Cambridge","E07000008",59865,447,2885,2143,10100,6116,12467,22707,3000,6570,58,244,336,848,951,1675,1860,598,6734,31,183,106,1086,637,2004,2377,310,17985,205,1482,1254,2582,1805,3447,6373,837,28576,153,976,447,5584,2723,5341,12097,1255
"2011","East Cambridgeshire","E07000009",44228,2046,4646,4076,8010,3924,7093,11555,2878,5818,566,418,670,838,669,1259,871,527,3066,27,121,71,600,349,686,1070,142,29082,1175,3521,2973,4842,2480,4431,7868,1792,6262,278,586,362,1730,426,717,1746,417
"2011","Fenland","E07000010",44777,2069,6971,4335,9232,3438,6098,10930,1704,4764,459,387,608,877,494,768,839,332,1575,36,109,70,407,185,343,369,56,29090,1192,4616,3124,5627,2291,3797,7508,935,9348,382,1859,533,2321,468,1190,2214,381
"2011","Huntingdonshire","E07000011",89440,2354,10950,6812,17818,7390,14383,25049,4684,10346,642,907,1064,1818,1226,2391,1641,657,5492,27,240,188,1093,629,1526,1509,280,57708,1400,7573,4844,10329,4655,8607,17342,2958,15894,285,2230,716,4578,880,1859,4557,789
"2011","South Cambridgeshire","E07000012",79690,1709,6946,5331,13236,7357,15715,25778,3618,10714,603,739,981,1457,1359,2764,2029,782,6281,32,172,126,1397,600,1601,2080,273,48107,910,4941,3746,7300,4169,9121,15994,1926,14588,164,1094,478,3082,1229,2229,5675,637
"2011","Basildon","E07000066",83490,1263,6950,9118,17044,7813,17818,19787,3697,6629,126,470,1182,900,885,1566,1068,432,16787,78,492,1354,2011,1575,7945,2740,592,45595,851,4909,5550,9342,4186,6661,12159,1937,14479,208,1079,1032,4791,1167,1646,3820,736
"2011","Braintree","E07000067",74572,1616,7485,7859,15097,6714,13507,18909,3385,8664,432,667,1138,1424,1044,2011,1349,599,7953,39,281,384,1136,799,3537,1487,290,45864,927,5228,5544,8855,4103,6571,12757,1879,12091,218,1309,793,3682,768,1388,3316,617
"2011","Brentwood","E07000068",36621,514,2076,3351,5813,3146,10144,9888,1689,4275,134,230,534,607,559,1210,737,264,9506,51,198,491,770,886,5268,1524,318,18159,293,1459,2079,3025,1314,2911,6245,833,4681,36,189,247,1411,387,755,1382,274
"2011","Castle Point","E07000069",41711,742,3604,5196,8278,3618,8602,9772,1899,3683,49,286,739,516,453,884,526,230,7248,28,208,559,1038,613,3272,1229,301,25115,575,2639,3380,5009,2135,3848,6480,1049,5665,90,471,518,1715,417,598,1537,319
"2011","Chelmsford","E07000070",86925,1396,6101,7630,16472,7178,19724,24294,4130,9002,270,596,1156,1352,1068,2456,1500,604,14821,57,321,745,1691,1434,7239,2819,515,47727,931,4261,4993,8862,3716,7654,15147,2163,15375,138,923,736,4567,960,2375,4828,848
"2011","Colchester","E07000071",86075,1426,5674,7117,17855,6771,14936,28192,4104,8789,299,527,1127,1315,1025,2074,1776,646,11472,42,288,393,2197,992,3922,3104,534,47092,908,3843,4813,9124,3548,6766,16115,1975,18722,177,1016,784,5219,1206,2174,7197,949
"2011","Epping Forest","E07000072",62256,1003,3412,6820,11440,5763,15049,15251,3518,7327,242,420,1119,1046,778,2067,1168,487,15427,74,385,997,1939,1557,6872,2862,741,32260,572,2264,4177,6469,2544,5198,9204,1832,7242,115,343,527,1986,884,912,2017,458
"2011","Harlow","E07000073",40562,512,3862,3883,10088,4106,5616,10771,1724,2808,44,227,427,433,379,531,563,204,5001,20,209,334,1041,567,1375,1227,228,24051,365,2571,2639,5795,2485,2958,6293,945,8702,83,855,483,2819,675,752,2688,347
"2011","Maldon","E07000074",30543,1095,3338,3524,5942,2131,5645,7365,1503,4201,300,369,586,672,378,1034,546,316,2813,19,91,169,312,266,1349,518,89,19239,672,2355,2477,3648,1257,2782,5211,837,4290,104,523,292,1310,230,480,1090,261
"2011","Rochford","E07000075",40878,671,3425,4291,7153,3232,9875,10354,1877,4112,123,307,749,570,443,1099,535,286,7725,38,201,408,848,722,3959,1310,239,24161,433,2573,2775,4317,1711,4171,7112,1069,4880,77,344,359,1418,356,646,1397,283
"2011","Tendring","E07000076",55406,1452,3978,5433,12896,5256,7406,16098,2887,6441,363,408,957,1256,697,1247,1092,421,4116,28,155,213,730,491,1166,1128,205,33702,829,2667,3678,7277,3209,4002,10458,1582,11147,232,748,585,3633,859,991,3420,679
"2011","Uttlesford","E07000077",41144,1030,3557,3754,7753,4001,8912,10247,1890,6398,441,475,800,966,683,1740,901,392,4241,20,116,170,525,451,2069,736,154,24963,468,2506,2513,4746,2501,4347,6890,992,5542,101,460,271,1516,366,756,1720,352
"2011","Broxbourne","E07000095",46481,762,3087,5582,11028,4745,8819,10167,2291,3949,87,258,687,643,535,948,518,273,7981,41,241,619,1296,943,2911,1574,356,27767,537,2143,3747,6719,2484,4179,6625,1333,6784,97,445,529,2370,783,781,1450,329
"2011","Dacorum","E07000096",73921,965,4891,6248,16026,8919,14465,18317,4090,9021,187,606,967,1300,1462,2376,1429,694,8944,44,244,370,1374,1337,3064,2034,477,44183,607,3497,4259,9349,4998,7428,11881,2164,11773,127,544,652,4003,1122,1597,2973,755
"2011","East Hertfordshire","E07000242",72644,1100,6211,6382,14399,7041,16277,18007,3227,8817,299,621,1031,1316,1025,2507,1432,586,11292,52,325,502,1533,1505,5010,1958,407,42224,654,4352,4355,8356,3767,7175,11859,1706,10311,95,913,494,3194,744,1585,2758,528
"2011","Hertsmere","E07000098",49933,514,2267,3874,10406,5188,11572,13000,3112,6292,69,332,598,1035,742,1907,1065,544,10438,51,280,548,1752,1162,3833,2284,528,26685,314,1370,2404,5609,2578,4894,7945,1571,6518,80,285,324,2010,706,938,1706,469
"2011","North Hertfordshire","E07000099",65407,1046,6593,4924,12904,6115,13061,17431,3333,7732,253,555,766,1123,1016,2114,1270,635,8866,62,336,333,1215,1235,3051,2174,460,38198,573,4486,3290,7283,3247,6358,11328,1633,10611,158,1216,535,3283,617,1538,2659,605
"2011","St Albans","E07000240",71818,776,3548,4441,12875,7881,18944,19460,3893,9411,126,520,718,1261,1413,2983,1664,726,15409,104,253,484,1540,2030,7464,2809,725,37388,442,2457,2851,7083,3729,6816,12155,1855,9610,104,318,388,2991,709,1681,2832,587
"2011","Stevenage","E07000243",42934,458,4032,4043,10226,4376,6657,11082,2060,3233,46,241,465,509,473,654,624,221,5504,20,197,280,1448,683,1316,1307,253,26057,330,2843,2781,5611,2561,3775,6989,1167,8140,62,751,517,2658,659,912,2162,419
"2011","Three Rivers","E07000102",44333,568,2272,3964,8410,5012,9673,11868,2566,5540,88,280,676,754,730,1621,994,397,7989,51,203,429,1225,1092,2892,1681,416,25653,361,1589,2530,5052,2733,4475,7527,1386,5151,68,200,329,1379,457,685,1666,367
"2011","Watford","E07000103",47835,486,2643,3644,10640,5976,9138,12660,2648,4093,47,250,404,642,666,1056,741,287,9369,38,261,470,1697,1451,2713,2247,492,24462,312,1674,2343,5109,2934,3935,6882,1273,9911,89,458,427,3192,925,1434,2790,596
"2011","Welwyn Hatfield","E07000241",53358,791,3621,3882,13467,5284,9908,13691,2714,5566,104,355,590,858,720,1541,991,407,8110,59,227,342,1796,1004,2563,1744,375,29454,496,2386,2545,6849,2694,4639,8408,1437,10228,132,653,405,3964,866,1165,2548,495
"2011","Breckland","E07000143",61794,3447,8244,5229,13572,4081,7733,16332,3156,7706,970,614,890,1372,618,1375,1307,560,1805,14,98,44,607,113,432,405,92,40106,1892,5492,3723,8108,2654,4777,11523,1937,12177,571,2040,572,3485,696,1149,3097,567
"2011","Broadland","E07000144",62011,1798,5462,5980,13908,4031,10608,17358,2866,6892,481,494,1012,1168,570,1558,1101,508,3981,18,77,69,1316,272,1083,942,204,41071,1031,4030,4323,8422,2533,6496,12583,1653,10067,268,861,576,3002,656,1471,2732,501
"2011","Great Yarmouth","E07000145",41545,1708,3924,3379,11443,2558,5149,11127,2257,3909,189,227,524,1027,298,664,713,267,2736,97,390,66,967,152,306,603,155,23969,855,2364,2242,5690,1607,3015,7031,1165,10931,567,943,547,3759,501,1164,2780,670
"2011","King's Lynn and West Norfolk","E07000146",67770,3237,8658,6306,15692,3607,7719,19246,3305,8183,846,643,1080,1615,645,1435,1346,573,2593,22,96,108,922,187,386,702,170,43449,1843,6133,4399,9216,2229,4746,12895,1988,13545,526,1786,719,3939,546,1152,4303,574
"2011","North Norfolk","E07000147",43651,2312,4026,3951,11107,2325,5821,11552,2557,7044,672,480,785,1502,550,1445,1021,589,1427,26,62,41,453,98,302,348,97,26666,1283,2652,2731,6000,1279,3311,8070,1340,8514,331,832,394,3152,398,763,2113,531
"2011","Norwich","E07000148",62748,792,4324,3947,15495,4348,11532,18875,3435,4855,59,280,405,821,530,1179,1097,484,5788,35,171,114,1653,359,1233,1948,275,27701,460,2631,2700,5566,1855,4096,9143,1250,24404,238,1242,728,7455,1604,5024,6687,1426
"2011","South Norfolk","E07000149",60798,2565,5642,5318,12428,3797,10442,17862,2744,8041,882,568,923,1334,687,1737,1312,598,3475,40,111,70,1016,216,974,864,184,40224,1319,4104,3885,7409,2320,6451,13166,1570,9058,324,859,440,2669,574,1280,2520,392
"2011","Babergh","E07000200",42632,1421,5071,4027,8751,3157,7026,11241,1938,5968,476,497,724,1030,545,1362,918,416,2433,24,80,77,425,223,1004,478,122,27185,792,3473,2864,5145,1992,3869,7994,1056,7046,129,1021,362,2151,397,791,1851,344
"2011","Forest Heath","E07000201",31734,1096,3182,2491,6051,2195,4040,6815,5864,3146,241,226,361,503,289,577,421,528,829,4,51,39,264,51,156,210,54,21515,678,2142,1779,3537,1529,2618,5035,4197,6244,173,763,312,1747,326,689,1149,1085
"2011","Ipswich","E07000202",65756,1350,5217,5290,15297,7599,10540,17741,2722,4734,92,290,585,854,659,1013,899,342,6600,86,419,131,1991,682,1482,1531,278,35211,875,3168,3763,7245,4770,4629,9512,1249,19211,297,1340,811,5207,1488,3416,5799,853
"2011","Mid Suffolk","E07000203",48942,2458,4853,4744,9805,4116,7288,13500,2178,7484,887,561,807,1183,782,1648,1096,520,2125,21,69,72,461,229,691,477,105,32015,1300,3374,3450,6104,2685,4276,9584,1242,7318,250,849,415,2057,420,673,2343,311
"2011","St Edmundsbury","E07000204",56839,1588,7454,4296,12205,4018,7870,16486,2922,6463,461,547,721,1102,627,1353,1165,487,2077,14,89,68,558,142,427,673,106,35490,898,5056,3074,6806,2486,4778,10623,1769,12809,215,1762,433,3739,763,1312,4025,560
"2011","Suffolk Coastal","E07000205",58882,2715,3354,4155,11586,8740,8314,16841,3177,8527,594,460,830,1351,1114,1827,1670,681,2688,25,67,60,522,292,879,685,158,36939,1779,2314,2894,6526,5872,4624,11195,1735,10728,317,513,371,3187,1462,984,3291,603
"2011","Waveney","E07000206",49561,2421,5746,4581,12160,2676,6357,13235,2385,5109,377,370,677,1013,389,980,881,422,1884,83,244,52,577,119,301,411,97,30309,1358,3784,3187,6537,1548,3719,8842,1334,12259,603,1348,665,4033,620,1357,3101,532
"2011","Camden","E09000007",110168,649,2008,3195,17335,13662,37651,26072,9596,14893,65,349,513,1816,2219,5015,2508,2408,58493,361,841,1379,9338,6766,22794,12816,4198,10133,97,472,791,1714,1475,2295,2667,622,26649,126,346,512,4467,3202,7547,8081,2368
"2011","City of London","E09000001",4785,22,73,80,447,459,2586,775,343,701,2,17,20,97,93,265,104,103,1405,6,36,20,172,162,558,347,104,135,4,5,8,13,20,49,32,4,2544,10,15,32,165,184,1714,292,132
"2011","Hackney","E09000012",119051,568,3048,4477,21730,15125,33010,30820,10273,12060,40,404,452,1437,1937,3858,1971,1961,61588,230,1242,2082,12897,7433,17488,15456,4760,12517,147,586,1061,2477,1863,1937,3761,685,32886,151,816,882,4919,3892,9727,9632,2867
"2011","Hammersmith and Fulham","E09000013",100148,770,2361,4014,17503,12856,34367,20679,7598,10603,82,307,580,1432,1626,3653,1538,1385,55600,374,994,1784,10015,6324,21627,10739,3743,11130,176,571,1012,1747,1955,2541,2494,634,22815,138,489,638,4309,2951,6546,5908,1836
"2011","Haringey","E09000014",124845,626,3115,7830,25275,14819,29681,33285,10214,12640,53,355,858,1587,1924,3744,2419,1700,73699,292,1377,4104,16333,8380,19198,18054,5961,21649,199,902,2176,4150,2644,3318,7022,1238,16857,82,481,692,3205,1871,3421,5790,1315
"2011","Islington","E09000019",107255,632,2197,3806,16232,14001,36867,25292,8228,10254,47,254,371,1174,1832,3358,1702,1516,58740,279,965,1731,9890,7248,20765,13683,4179,9196,140,442,962,1510,1385,1573,2637,547,29065,166,536,742,3658,3536,11171,7270,1986
"2011","Kensington and Chelsea","E09000020",82386,751,1914,2437,12058,8212,37637,12456,6921,13968,153,403,558,1753,1625,5580,1663,2233,41051,283,747,848,5681,3943,21588,5480,2481,9667,123,461,595,1536,1135,3461,1695,661,17700,192,303,436,3088,1509,7008,3618,1546
"2011","Lambeth","E09000022",167205,975,3290,7342,29637,20209,50953,41989,12810,14039,69,467,788,1746,2123,4438,2497,1911,104560,516,1614,3729,19849,12012,35418,24050,7372,19159,236,673,1918,3234,2632,3286,6059,1121,29447,154,536,907,4808,3442,7811,9383,2406
"2011","Lewisham","E09000023",136570,915,2950,7528,25425,14546,32267,41878,11061,11509,71,353,821,1524,1663,2997,2537,1543,79373,388,1244,3254,15472,8298,22300,21952,6465,28042,339,997,2768,4796,2996,3835,10645,1666,17646,117,356,685,3633,1589,3135,6744,1387
"2011","Newham","E09000025",132787,992,3989,11257,38400,13554,27760,30596,6239,8994,45,378,683,2251,1137,2070,1700,730,83968,451,1675,6812,26484,7140,20303,17271,3832,25444,340,1404,2776,5941,4143,3288,6612,940,14381,156,532,986,3724,1134,2099,5013,737
"2011","Southwark","E09000028",147995,875,2807,6036,26725,16278,44705,39692,10877,12408,77,351,545,1770,1853,3813,2320,1679,85825,427,1294,2963,17402,8593,27300,22060,5786,17166,213,646,1598,2652,2386,2755,5893,1023,32596,158,516,930,4901,3446,10837,9419,2389
"2011","Tower Hamlets","E09000030",121244,620,2738,3748,24833,14300,42402,25387,7216,9111,44,274,300,1608,1619,2900,1321,1045,67590,296,1226,1979,15356,7400,24115,13418,3800,12634,143,658,852,2994,2007,1821,3609,550,31909,137,580,617,4875,3274,13566,7039,1821
"2011","Wandsworth","E09000032",179439,1432,4166,7503,28225,21760,64142,40141,12070,16863,126,543,958,2093,2464,5939,2694,2046,106980,805,1926,3361,17107,12942,43516,21016,6307,24053,295,1087,2153,3890,3252,4965,6982,1429,31543,206,610,1031,5135,3102,9722,9449,2288
"2011","Westminster","E09000033",112518,1103,2497,3268,18448,11988,46116,19852,9246,16061,164,429,588,2477,2000,5880,2005,2518,56743,463,1016,1293,8922,5822,26661,9246,3320,9776,121,527,725,1754,1384,2725,1879,661,29938,355,525,662,5295,2782,10850,6722,2747
"2011","Barking and Dagenham","E09000002",75493,941,3450,7872,15782,8708,13872,21299,3569,4764,59,197,607,806,674,1037,1023,361,34379,217,929,2997,7466,3288,8508,9347,1627,27451,530,1819,3478,5314,3825,3393,7990,1102,8899,135,505,790,2196,921,934,2939,479
"2011","Barnet","E09000003",172470,1107,5026,12154,34958,17154,43657,46270,12144,21611,150,737,1717,3284,2542,6911,3979,2291,73009,336,1340,3896,14934,7399,22635,17201,5268,58940,502,2435,5515,12058,5481,10691,19131,3127,18910,119,514,1026,4682,1732,3420,5959,1458
"2011","Bexley","E09000004",110680,1620,5123,11906,20325,11409,23774,31127,5396,8663,123,415,1423,1205,1160,2062,1637,638,39449,286,976,2996,6200,3780,13638,9669,1904,49480,1000,3024,6485,9521,4710,6487,16081,2172,13088,211,708,1002,3399,1759,1587,3740,682
"2011","Brent","E09000005",148292,915,6767,13125,36935,17688,31358,32565,8939,13058,72,555,1212,2301,2015,3421,2148,1334,77704,371,2550,6202,20401,8001,19416,16034,4729,38403,342,2298,4548,9228,5522,5463,9325,1677,19127,130,1364,1163,5005,2150,3058,5058,1199
"2011","Bromley","E09000006",152363,1370,5209,12661,24528,14881,41488,43270,8956,16167,167,785,1997,2071,2065,4937,2849,1296,61538,363,1145,2920,8408,6527,24038,14702,3435,57403,708,2758,6735,9674,4584,9364,20432,3148,17255,132,521,1009,4375,1705,3149,5287,1077
"2011","Croydon","E09000008",173926,1387,5569,13342,33622,19102,38956,53030,8918,15887,147,628,1751,2426,2182,4291,3348,1114,76730,394,1539,3779,14638,8432,21676,22362,3910,59926,693,2665,6540,11365,6409,9513,19997,2744,21383,153,737,1272,5193,2079,3476,7323,1150
"2011","Ealing","E09000009",165800,1372,7805,13107,34947,25969,35583,37543,9474,15343,86,668,1430,2255,2622,4153,2814,1315,76619,472,2336,5467,17105,10629,20027,15983,4600,52069,611,3429,5026,10595,9726,7792,12658,2232,21769,203,1372,1184,4992,2992,3611,6088,1327
"2011","Enfield","E09000010",138390,1226,5416,10622,30583,13848,28531,40067,8097,12531,131,589,1428,2069,1558,3284,2441,1031,54479,287,1354,2977,11856,5363,14870,14514,3258,55378,678,2837,5408,12226,5213,8339,17843,2834,16002,130,636,809,4432,1714,2038,5269,974
"2011","Greenwich","E09000011",118330,1163,3547,8801,22392,11809,28998,33989,7631,9731,91,330,873,1408,1281,2651,2169,928,62974,446,1274,3583,12319,6011,19573,15707,4061,30937,463,1497,3561,5636,3170,4160,10800,1650,14688,163,446,784,3029,1347,2614,5313,992
"2011","Harrow","E09000015",114755,864,4975,9415,25107,13571,26422,28858,5543,11868,60,546,1067,1921,1775,3589,2070,840,45558,252,1264,3234,9767,5232,13790,9831,2188,45549,456,2552,4301,10360,5506,7327,13224,1823,11780,96,613,813,3059,1058,1716,3733,692
"2011","Havering","E09000016",113551,1450,6164,13024,20416,11518,25765,29807,5407,8834,134,498,1548,1291,1227,2101,1438,597,39231,211,957,3188,5927,3496,15160,8565,1727,51700,955,4016,7175,9568,5144,6888,15582,2372,13786,150,693,1113,3630,1651,1616,4222,711
"2011","Hillingdon","E09000017",130973,1429,7044,10617,28300,21567,22706,33171,6139,11415,146,531,1374,1915,1930,2655,2139,725,37770,196,1189,2139,9145,5639,9228,8368,1866,65626,920,4498,6190,12846,12134,9057,17289,2692,16162,167,826,914,4394,1864,1766,5375,856
"2011","Hounslow","E09000018",127613,1175,5062,7429,29578,25381,25824,26178,6986,11331,88,443,960,1775,2272,3098,1724,971,49961,378,1263,2263,13070,8478,12428,9262,2819,48181,539,2617,3455,9960,11580,7213,10730,2087,18140,170,739,751,4773,3051,3085,4462,1109
"2011","Kingston upon Thames","E09000021",82434,827,3061,4880,15979,9823,19636,22872,5356,9094,75,401,784,1278,1442,2646,1672,796,29470,220,669,1072,5488,3607,9656,6918,1840,29454,405,1546,2575,5283,3468,5004,9409,1764,14416,127,445,449,3930,1306,2330,4873,956
"2011","Merton","E09000024",105369,922,3241,7617,19392,11853,28214,27495,6635,9609,93,348,851,1366,1350,2917,1804,880,54620,357,1106,2882,9805,5995,18462,12821,3192,27120,346,1287,3126,5190,3113,4276,8335,1447,14020,126,500,758,3031,1395,2559,4535,1116
"2011","Redbridge","E09000026",125362,715,4397,9225,24890,14427,30122,35928,5658,11183,79,490,1117,1793,1689,3119,2115,781,56563,217,1168,3510,10372,6436,18996,13426,2438,44310,348,2343,3945,9455,4721,6219,15487,1792,13306,71,396,653,3270,1581,1788,4900,647
"2011","Richmond upon Thames","E09000027",99916,1279,3567,4320,14394,15360,29574,24266,7156,14156,95,541,715,1746,2456,4898,2265,1440,38587,425,807,1028,5085,5650,14976,8121,2495,30465,543,1749,2124,4458,5265,5744,8801,1781,16708,216,470,453,3105,1989,3956,5079,1440
"2011","Sutton","E09000029",98207,1072,3573,9605,17720,10488,20488,29866,5395,8882,109,404,1317,1240,1261,2277,1656,618,31644,196,700,1955,5579,3327,9139,9013,1735,43422,643,1961,5389,7612,4259,7043,14280,2235,14259,124,508,944,3289,1641,2029,4917,807
"2011","Waltham Forest","E09000031",121461,993,4251,11585,25940,12557,24561,33912,7662,9270,71,447,952,1534,1275,2211,1879,901,64235,309,1528,5424,15043,5989,16176,15585,4181,32543,436,1655,4172,5979,3691,4177,10785,1648,15413,177,621,1037,3384,1602,1997,5663,932
"2011","Bracknell Forest","E06000036",62184,934,4226,4503,13025,9744,11034,15409,3309,6931,99,466,642,989,1238,1670,1386,441,4184,38,151,150,920,633,1125,936,231,41260,711,3182,3224,7986,6948,7000,10105,2104,9809,86,427,487,3130,925,1239,2982,533
"2011","Brighton and Hove","E06000043",140638,2027,5286,8642,28492,14495,29818,42568,9310,17665,156,743,1400,2544,2655,4989,3070,2108,32855,394,792,782,7093,3606,7913,10065,2210,49076,979,2663,5244,7669,4729,8312,17130,2350,41042,498,1088,1216,11186,3505,8604,12303,2642
"2011","Isle of Wight","E06000046",59735,1427,5383,5054,14864,3501,6719,19241,3546,7457,345,456,934,1695,551,1591,1237,648,3434,22,170,124,1227,238,385,1015,253,32452,793,3278,3363,6615,1680,3239,11823,1661,16392,267,1479,633,5327,1032,1504,5166,984
"2011","Medway","E06000035",127127,3024,9660,13890,27751,11122,20382,35769,5529,9994,213,705,1596,1741,1119,2060,1905,655,17091,165,562,1194,3318,1689,5325,4073,765,76943,2228,6657,9381,15905,6806,10488,22553,2925,23099,418,1736,1719,6787,1508,2509,7238,1184
"2011","Milton Keynes","E06000042",128238,1248,10270,7363,32234,16606,23690,31200,5627,12598,208,854,1121,1982,2250,3135,2273,775,12628,52,487,385,3463,1939,3172,2620,510,79474,817,7163,5065,18541,9889,14035,20731,3233,23538,171,1766,792,8248,2528,3348,5576,1109
"2011","Portsmouth","E06000044",97004,2133,8461,8093,21017,8224,13242,31376,4458,7182,93,436,967,1310,914,1495,1484,483,10633,232,761,308,2730,841,1623,3648,490,48065,1211,4906,5302,8169,4213,6602,15811,1851,31124,597,2358,1516,8808,2256,3522,10433,1634
"2011","Reading","E06000038",80199,1730,3973,4979,17187,12559,16016,20276,3479,7080,99,363,616,1031,1540,1801,1200,430,16304,275,529,394,3792,2909,4130,3637,638,35908,929,2358,3264,6385,5747,6383,9396,1446,20907,427,723,705,5979,2363,3702,6043,965
"2011","Slough","E06000039",67557,983,5480,4099,15815,13244,11084,14158,2694,5017,64,308,452,963,1039,1059,807,325,10177,98,463,400,2671,1870,2363,1927,385,39345,660,3502,2660,8075,8791,5902,8365,1390,13018,161,1207,587,4106,1544,1760,3059,594
"2011","Southampton","E06000045",113043,1808,9595,8922,26986,10917,18293,31526,4996,7851,90,530,916,1455,1094,1627,1573,566,13546,160,667,366,4261,1046,2698,3733,615,58802,1054,6054,6211,11593,6469,9091,15983,2347,32844,504,2344,1429,9677,2308,4877,10237,1468
"2011","West Berkshire","E06000037",82149,2241,6449,6358,16606,11712,15162,19409,4212,10864,447,681,1003,1581,1823,2829,1585,915,6848,94,212,189,1418,1506,1977,1206,246,50831,1411,4642,4442,9286,6818,8536,13393,2303,13606,289,914,724,4321,1565,1820,3225,748
"2011","Windsor and Maidenhead","E06000040",74499,1394,5595,4190,14111,12417,15636,16696,4460,11072,208,703,793,1746,1833,3251,1733,805,7732,126,297,255,1214,1471,2728,1246,395,44016,879,3993,2786,7574,7944,7945,10504,2391,11679,181,602,356,3577,1169,1712,3213,869
"2011","Wokingham","E06000041",81786,1723,5390,5415,14555,13345,16440,20822,4096,10984,249,695,989,1414,2183,2945,1824,685,8399,140,212,270,1684,1434,2700,1668,291,52194,1139,4023,3723,8659,8868,9388,13942,2452,10209,195,460,433,2798,860,1407,3388,668
"2011","Aylesbury Vale","E07000004",91251,2246,7287,6981,18520,8801,16527,26278,4611,12395,785,854,1245,1737,1654,3274,1986,860,6938,45,222,259,1190,932,2103,1863,324,57085,1172,5303,4766,11231,5206,9181,17602,2624,14833,244,908,711,4362,1009,1969,4827,803
"2011","Chiltern","E07000005",45189,685,3074,3175,8197,5172,10861,11436,2589,7343,140,435,631,988,1024,2442,1142,541,6639,48,165,235,777,991,2854,1228,341,25755,416,2125,2055,4655,2771,4747,7667,1319,5452,81,349,254,1777,386,818,1399,388
"2011","South Bucks","E07000006",33442,631,2547,2624,6496,4827,7113,7460,1744,5354,114,334,563,881,743,1646,738,335,3793,44,117,181,555,563,1550,607,176,20532,407,1810,1687,3889,3203,3415,5132,989,3763,66,286,193,1171,318,502,983,244
"2011","Wycombe","E07000007",86901,1557,7784,6286,18813,10523,16233,21117,4588,11631,231,823,1082,1766,1744,3248,1879,858,8076,83,268,256,1866,1088,2372,1746,397,53939,1024,5655,4401,10808,6702,8883,13918,2548,13255,219,1038,547,4373,989,1730,3574,785
"2011","Eastbourne","E07000061",44793,534,2412,3658,11481,2903,6119,15302,2384,4497,54,229,583,832,448,1042,933,376,5116,36,163,169,1393,469,927,1698,261,24338,351,1520,2461,5313,1487,2996,9081,1129,10842,93,500,445,3943,499,1154,3590,618
"2011","Hastings","E07000062",40924,564,2845,3997,9075,2688,5432,14228,2095,4462,44,265,570,875,455,970,880,403,4759,29,188,149,1110,409,901,1702,271,21463,391,1639,2625,4044,1265,2505,8122,872,10240,100,753,653,3046,559,1056,3524,549
"2011","Lewes","E07000063",46016,1032,2807,3974,9007,3805,7952,14569,2870,6481,233,383,764,966,720,1596,1212,607,7082,60,255,173,1471,706,1768,2146,503,24599,589,1655,2653,4267,1853,3681,8642,1259,7854,150,514,384,2303,526,907,2569,501
"2011","Rother","E07000064",38065,1170,2189,3836,7810,2505,6700,11635,2220,6541,415,390,805,1084,626,1554,1098,569,3237,19,73,134,541,353,1054,877,186,22140,599,1413,2562,4184,1236,3318,7728,1100,6147,137,313,335,2001,290,774,1932,365
"2011","Wealden","E07000065",71755,1948,4458,7282,14716,5167,13882,20022,4280,12045,721,739,1384,1844,1146,3317,1833,1061,6296,39,141,284,937,639,2488,1366,402,44114,995,2999,4980,8761,2903,7040,14226,2210,9300,193,579,634,3174,479,1037,2597,607
"2011","Basingstoke and Deane","E07000084",90556,2290,8694,6881,19126,12176,16816,20497,4076,10185,402,761,959,1497,1849,2513,1466,738,8460,117,341,238,2087,1363,2400,1566,348,56514,1376,6159,4887,10587,7653,9699,13907,2246,15397,395,1433,797,4955,1311,2204,3558,744
"2011","East Hampshire","E07000085",58977,1527,5073,4850,11196,5571,11080,16487,3193,8703,381,597,880,1263,1193,2440,1387,562,3817,43,139,140,578,567,1271,866,213,37529,892,3571,3410,6575,3333,6278,11592,1878,8928,211,766,420,2780,478,1091,2642,540
"2011","Eastleigh","E07000086",66048,967,5896,5828,13689,6792,11510,18284,3082,6277,123,510,795,984,822,1477,1124,442,4462,38,184,126,1045,458,1136,1267,208,44710,671,4297,4306,8255,4579,7525,13218,1859,10599,135,905,601,3405,933,1372,2675,573
"2011","Fareham","E07000087",56774,964,5616,4527,10754,5412,9163,17919,2419,5726,88,491,750,789,768,1437,1018,385,3172,39,210,92,679,321,705,988,138,38218,686,3991,3208,6479,3519,5990,12880,1465,9658,151,924,477,2807,804,1031,3033,431
"2011","Gosport","E07000088",40213,627,4235,3063,7980,3035,5150,14389,1734,2921,31,209,385,511,327,593,654,211,2611,22,167,70,726,218,378,870,160,22811,451,2539,2089,3876,1745,3067,8171,873,11870,123,1320,519,2867,745,1112,4694,490
"2011","Hart","E07000089",48313,777,3373,3296,8996,7093,9741,12715,2322,7053,138,442,560,895,1229,1693,1627,469,3922,43,122,135,634,628,1527,676,157,31488,538,2513,2387,5651,4738,5768,8527,1366,5850,58,296,214,1816,498,753,1885,330
"2011","Havant","E07000090",55875,1582,6505,5871,12021,4526,7607,15250,2513,5043,85,425,783,810,709,1100,796,335,4156,74,412,166,1116,378,680,1120,210,36344,1037,4414,4099,6892,2888,4824,10706,1484,10332,386,1254,823,3203,551,1003,2628,484
"2011","New Forest","E07000091",83749,2194,7487,7466,18097,6653,14119,23228,4505,11529,459,749,1305,2118,1170,2961,1875,892,3548,33,139,120,841,373,982,884,176,54614,1434,5346,5239,10542,4187,8531,16711,2624,14058,268,1253,802,4596,923,1645,3758,813
"2011","Rushmoor","E07000092",51271,674,3595,3796,10860,5758,8971,15301,2316,4565,58,269,486,758,663,1018,1044,269,5423,27,197,164,1222,646,1391,1481,295,31563,505,2419,2682,6008,3720,5290,9566,1373,9720,84,710,464,2872,729,1272,3210,379
"2011","Test Valley","E07000093",60042,1546,5850,4464,12095,5479,11267,16556,2785,7563,439,505,762,1252,888,1857,1280,580,3277,37,171,102,687,361,1014,757,148,38078,839,4044,3130,6747,3552,6559,11671,1536,11124,231,1130,470,3409,678,1837,2848,521
"2011","Winchester","E07000094",57793,1561,3521,3851,10560,5734,11034,18674,2858,8857,579,537,750,1180,1104,2329,1691,687,4894,32,138,125,836,596,1664,1271,232,33186,759,2410,2603,5255,3460,5669,11670,1360,10856,191,436,373,3289,574,1372,4042,579
"2011","Ashford","E07000105",57956,1869,5018,5954,12903,4804,9327,15226,2855,7381,529,500,967,1245,748,1789,1131,472,5185,55,170,277,889,678,1655,1227,234,34772,1059,3296,4026,7331,2579,4618,10398,1465,10618,226,1052,684,3438,799,1265,2470,684
"2011","Canterbury","E07000106",66079,1158,3382,5446,15437,4304,8965,24064,3323,7749,223,437,974,1298,765,1756,1730,566,6657,36,196,269,1745,552,1362,2130,367,36250,720,2207,3546,7151,2282,4482,14297,1565,15423,179,542,657,5243,705,1365,5907,825
"2011","Dartford","E07000107",49818,928,3230,5357,10851,5057,9201,12979,2215,3851,83,281,557,616,525,832,708,249,11271,69,320,804,1963,1213,3925,2508,469,27492,655,2175,3428,6051,2557,3614,7831,1181,7204,121,454,568,2221,762,830,1932,316
"2011","Dover","E07000108",50716,1252,2968,4263,10023,5872,7037,16911,2390,5313,284,261,699,1050,517,1072,1007,423,3653,38,133,165,928,448,634,1108,199,31006,728,1889,2855,5143,3681,4080,11467,1163,10744,202,685,544,2902,1226,1251,3329,605
"2011","Gravesham","E07000109",47868,1140,3593,5709,11131,4490,8000,11717,2088,3964,107,249,660,676,464,920,675,213,8412,126,271,660,1808,839,2722,1672,314,27521,695,2535,3590,6180,2478,3449,7437,1157,7971,212,538,799,2467,709,909,1933,404
"2011","Maidstone","E07000110",78511,2300,5198,8340,16425,6408,14016,22279,3545,9267,476,653,1305,1445,923,2351,1471,643,8090,106,239,387,1543,790,2706,1955,364,47372,1421,3657,5784,9229,3763,7236,14369,1913,13782,297,649,864,4208,932,1723,4484,625
"2011","Sevenoaks","E07000111",56499,1076,3195,5305,10430,5001,14570,13876,3046,7846,267,448,960,1155,917,2359,1139,601,11987,110,240,542,1118,1266,6147,2086,478,29574,595,2060,3369,5841,2304,5074,8818,1513,7092,104,447,434,2316,514,990,1833,454
"2011","Folkestone and Hythe","E07000112",48639,1850,2526,4699,10393,4089,8029,14894,2159,5431,295,277,705,1074,476,1187,1045,372,4240,86,134,227,997,473,1061,1063,199,28886,1219,1646,3229,5255,2520,4253,9664,1100,10082,250,469,538,3067,620,1528,3122,488
"2011","Swale","E07000113",63118,1984,6526,6693,13219,5375,9285,17326,2710,6524,376,434,996,1065,636,1364,1229,424,5548,45,240,353,898,579,1717,1429,287,38830,1205,4336,4492,7588,3255,4960,11582,1412,12216,358,1516,852,3668,905,1244,3086,587
"2011","Thanet","E07000114",55589,1201,4156,5228,12253,3820,7572,18564,2795,5905,128,307,814,1106,545,1160,1376,469,5657,54,267,269,1615,399,971,1729,353,31341,762,2556,3360,5993,2156,4062,11205,1247,12686,257,1026,785,3539,720,1379,4254,726
"2011","Tonbridge and Malling","E07000115",60326,1370,4107,5703,12115,5243,12952,15901,2935,6917,222,491,853,1070,769,1915,1116,481,8507,57,224,399,1177,897,3694,1703,356,35962,859,2812,3951,7037,2913,6129,10619,1642,8940,232,580,500,2831,664,1214,2463,456
"2011","Tunbridge Wells","E07000116",57630,1246,2825,4478,11674,4975,14672,14803,2957,8177,394,431,722,1330,938,2429,1328,605,9554,61,197,342,1102,1191,4589,1656,416,28566,659,1751,2972,5453,2162,5322,8942,1305,11333,132,446,442,3789,684,2332,2877,631
"2011","Cherwell","E07000177",75249,1671,8663,5558,16575,7065,11070,20806,3841,8727,546,634,896,1360,1072,2012,1540,667,5789,34,169,123,1318,648,1111,2098,288,44908,892,5823,3901,8600,4218,6320,13017,2137,15825,199,2037,638,5297,1127,1627,4151,749
"2011","Oxford","E07000178",70245,659,3569,2843,12550,6861,10579,29401,3783,7431,68,251,343,952,1030,1616,2347,824,13024,70,249,174,3524,1002,2114,5222,669,22763,305,1854,1778,3501,2525,3415,8421,964,27027,216,1215,548,4573,2304,3434,13411,1326
"2011","South Oxfordshire","E07000179",70714,2078,5094,5316,13378,7601,14288,19286,3673,10709,481,617,948,1567,1378,3107,1784,827,5607,59,136,141,982,866,1740,1416,267,41679,1270,3617,3659,7139,4503,7641,11981,1869,12719,268,724,568,3690,854,1800,4105,710
"2011","Vale of White Horse","E07000180",63646,1689,4831,4948,11241,6015,11942,19804,3176,7970,394,457,749,1083,1010,2100,1490,687,5123,44,102,111,1067,540,1204,1779,276,37859,1043,3429,3445,5978,3607,6970,11800,1587,12694,208,843,643,3113,858,1668,4735,626
"2011","West Oxfordshire","E07000181",57076,1446,5187,4602,11152,4829,9076,17666,3118,7901,453,530,763,1173,921,2019,1378,664,3469,26,85,66,812,384,667,1200,229,35019,789,3641,3227,6155,2942,5252,11321,1692,10687,178,931,546,3012,582,1138,3767,533
"2011","Elmbridge","E07000207",65279,972,3317,3855,10788,8335,18928,14886,4198,10110,126,485,785,1304,1445,3671,1427,867,14989,157,337,409,1611,2024,7331,2446,674,31842,526,2074,2298,5529,4078,6445,8897,1995,8338,163,421,363,2344,788,1481,2116,662
"2011","Epsom and Ewell","E07000208",38273,444,1440,3189,6576,3923,9215,11260,2226,4197,51,204,499,519,580,1265,800,279,9547,82,213,504,1442,1130,3496,2221,459,18791,268,849,1889,3109,1664,3474,6435,1103,5738,43,174,297,1506,549,980,1804,385
"2011","Guildford","E07000209",70500,1076,3864,4940,13342,7906,15675,19654,4043,9325,179,508,906,1313,1317,2735,1592,775,10265,102,259,324,1754,1337,3802,2213,474,38046,638,2579,3261,6391,4246,7352,11542,2037,12864,157,518,449,3884,1006,1786,4307,757
"2011","Mole Valley","E07000210",42785,848,2138,3515,7259,4204,11236,10963,2622,6930,175,350,675,966,842,2281,1060,581,6045,76,171,256,707,733,2481,1323,298,23468,468,1323,2258,3814,2184,5204,6906,1311,6342,129,294,326,1772,445,1270,1674,432
"2011","Reigate and Banstead","E07000211",71716,1064,3306,5949,12583,8294,18144,19002,3374,8658,153,442,1005,1243,1203,2569,1487,556,12799,101,286,662,1596,1681,5152,2784,537,39478,627,2213,3769,6817,4396,8227,11696,1733,10781,183,365,513,2927,1014,2196,3035,548
"2011","Runnymede","E07000212",40985,734,2454,2935,8550,6314,7542,9971,2485,4914,94,277,522,792,782,1252,788,407,4257,53,143,137,821,632,1320,912,239,24965,470,1675,2024,4923,4201,4060,6251,1361,6849,117,359,252,2014,699,910,2020,478
"2011","Spelthorne","E07000213",50484,974,2685,3754,9619,10976,8671,11170,2635,4902,90,288,617,710,970,1149,744,334,7064,96,165,362,1388,1282,1818,1575,378,31599,621,1911,2448,5625,7453,4733,7313,1495,6919,167,321,327,1896,1271,971,1538,428
"2011","Surrey Heath","E07000214",45303,678,3089,3243,8588,6568,8979,11747,2411,6317,79,426,555,951,996,1814,1066,430,3507,39,114,139,626,514,1219,702,154,29653,488,2233,2291,5318,4648,5272,7911,1492,5826,72,316,258,1693,410,674,2068,335
"2011","Tandridge","E07000215",42142,713,1931,4081,7134,4064,10525,11395,2299,6579,185,300,741,1027,744,1923,1186,473,8498,53,174,495,964,863,3682,1889,378,22619,400,1292,2522,3939,2097,4335,6879,1155,4446,75,165,323,1204,360,585,1441,293
"2011","Waverley","E07000216",59760,934,3114,4414,10725,6397,14505,16051,3620,10204,226,489,896,1312,1367,3295,1744,875,7560,84,156,215,984,1010,3330,1427,354,33671,520,2133,2911,5659,3446,6628,10543,1831,8325,104,336,392,2770,574,1252,2337,560
"2011","Woking","E07000217",51673,738,3071,3289,9747,7027,12175,12355,3271,5947,79,309,528,799,968,1864,919,481,9289,107,251,293,1261,1393,3721,1815,448,28228,467,2012,2168,5118,3767,5239,7800,1657,8209,85,499,300,2569,899,1351,1821,685
"2011","Adur","E07000223",29578,836,2442,2896,6200,2420,5003,8305,1476,3055,65,199,435,457,333,735,590,241,3814,93,160,124,900,401,917,1009,210,17207,535,1512,1969,3304,1319,2691,5159,718,5502,143,571,368,1539,367,660,1547,307
"2011","Arun","E07000224",68079,2305,5958,5859,15970,4942,10185,19090,3770,8688,259,540,1055,1841,781,2046,1464,702,4717,111,251,162,1174,510,989,1256,264,41295,1394,3842,3991,8594,2880,5795,12750,2049,13379,541,1325,651,4361,771,1355,3620,755
"2011","Chichester","E07000225",53905,1637,3884,4232,11635,3912,9455,15943,3207,9007,550,514,892,1464,868,2473,1465,781,3493,38,126,104,696,361,1135,844,189,30270,819,2542,2830,5944,2084,4677,9765,1609,11135,230,702,406,3531,599,1170,3869,628
"2011","Crawley","E07000226",55676,922,3643,3466,13935,10723,10109,10819,2059,3724,72,240,418,710,595,847,603,239,10338,113,361,315,3227,1881,2527,1577,337,32029,596,2440,2349,6617,6963,5366,6578,1120,9585,141,602,384,3381,1284,1369,2061,363
"2011","Horsham","E07000227",66864,1647,5084,5134,13061,7302,14633,16194,3809,9933,457,689,1007,1472,1179,2796,1531,802,5773,81,206,215,860,757,2168,1230,256,40848,951,3429,3503,7429,4706,7884,10854,2092,10310,158,760,409,3300,660,1785,2579,659
"2011","Mid Sussex","E07000228",72805,1348,4171,5559,12978,8303,16406,20028,4012,9685,313,559,989,1342,1251,2787,1659,785,10417,100,259,386,1126,1491,4347,2230,478,40780,793,2737,3686,6903,4622,7456,12574,2009,11923,142,616,498,3607,939,1816,3565,740
"2011","Worthing","E07000229",50977,1554,4299,3719,10276,3965,8875,15750,2539,5371,67,358,664,819,602,1385,1046,430,4799,125,211,126,944,639,1162,1358,234,27892,990,2713,2488,4932,2016,4698,8803,1252,12915,372,1017,441,3581,708,1630,4543,623
"2011","Bath and North East Somerset","E06000022",85473,1842,6062,6260,18225,7120,14175,27437,4352,10854,447,625,1056,1688,1327,2875,1922,914,8431,117,167,137,2072,732,1891,2862,453,44713,1039,4015,4298,7629,3301,6425,16249,1757,21475,239,1255,769,6836,1760,2984,6404,1228
"2011","Bournemouth","E06000028",89720,842,6199,6565,22662,6984,17980,23658,4830,9272,76,487,1076,1985,1081,2357,1516,694,9332,29,348,183,3127,668,2325,2161,491,49812,566,4227,4557,10349,3791,9267,14530,2525,21304,171,1137,749,7201,1444,4031,5451,1120
"2011","Bristol, City of","E06000023",210925,2577,13701,13933,43000,20239,44124,63794,9557,18044,182,995,1754,2814,2565,4488,3635,1611,24140,98,675,519,6078,2112,6013,7531,1114,100080,1739,8557,9192,18194,9952,17303,31442,3701,68661,558,3474,2468,15914,5610,16320,21186,3131
"2011","Cornwall","E06000052",246549,12011,19436,22091,63992,13494,29653,72766,13106,39626,5093,2182,4570,8896,2730,7014,6100,3041,8387,121,315,201,2905,470,1183,2691,501,147734,5507,12874,14876,33014,7740,16754,50196,6773,50802,1290,4065,2444,19177,2554,4702,13779,2791
"2011","Isles of Scilly","E06000053",1344,101,42,97,459,138,145,297,65,447,51,15,29,191,37,52,48,24,10,0,0,0,3,4,0,2,1,254,17,16,42,52,21,18,74,14,633,33,11,26,213,76,75,173,26
"2011","North Somerset","E06000024",98256,2586,8079,7633,21719,8318,17528,27850,4543,11985,533,834,1424,2028,1428,2990,1907,841,5243,36,134,118,1096,491,1594,1566,208,63090,1596,5789,5285,12506,5344,10774,19239,2557,17938,421,1322,806,6089,1055,2170,5138,937
"2011","Plymouth","E06000026",117891,1948,11525,8771,25965,9142,13507,41652,5381,7990,124,470,1160,1423,801,1663,1709,640,13757,99,598,311,4443,910,1856,4831,709,65285,1291,7557,5896,11717,5223,6863,24144,2594,30859,434,2900,1404,8382,2208,3125,10968,1438
"2011","Poole","E06000029",72164,1068,8123,6140,15746,5097,12821,19560,3609,7601,110,521,1024,1234,850,1973,1334,555,4945,21,223,100,1611,429,1164,1171,226,43984,748,5118,4285,8483,2902,7558,12829,2061,15634,189,2261,731,4418,916,2126,4226,767
"2011","South Gloucestershire","E06000025",137271,2937,13452,11849,28039,12491,24341,38801,5361,13014,650,1103,1753,2106,1732,2870,1970,830,8407,33,216,155,2119,749,2599,2231,305,90904,1915,9488,8713,16997,8117,15252,27190,3232,24946,339,2645,1228,6817,1893,3620,7410,994
"2011","Swindon","E06000030",109872,2573,12395,8146,25231,12526,21541,22945,4515,8926,225,657,999,1447,1463,1993,1494,648,10646,113,491,201,3259,1288,2632,2265,397,66553,1851,8529,5715,13443,7457,12397,14707,2454,23747,384,2718,1231,7082,2318,4519,4479,1016
"2011","Torbay","E06000027",57396,1076,3811,5141,16105,3212,6809,18046,3196,7035,125,390,992,1935,550,1329,1208,506,3050,34,124,96,1138,190,374,913,181,33151,676,2489,3426,7762,1812,3887,11498,1601,14160,241,808,627,5270,660,1219,4427,908
"2011","Wiltshire","E06000054",240956,7208,21858,17404,48171,18848,38032,78082,11353,33409,2524,2145,3148,5112,3507,7406,6994,2573,12556,109,495,297,3221,1316,3034,3425,659,146567,3682,14687,11996,25946,11418,21901,51083,5854,48424,893,4531,1963,13892,2607,5691,16580,2267
"2011","East Devon","E07000040",60554,3026,3860,5150,14241,3863,8628,18504,3282,10383,1312,634,1194,2038,792,2070,1611,732,3049,32,98,85,811,202,556,1104,161,35060,1379,2418,3344,7160,2320,4829,11932,1678,12062,303,710,527,4232,549,1173,3857,711
"2011","Exeter","E07000041",57427,1714,2780,3980,13695,4439,8597,19394,2828,4897,105,248,652,821,508,1141,1041,381,6356,224,190,112,1991,474,1069,1954,342,25844,893,1654,2602,5037,2284,3522,8725,1127,20330,492,688,614,5846,1173,2865,7674,978
"2011","Mid Devon","E07000042",38866,3090,3994,3472,8127,2604,5150,10592,1837,6981,1635,459,702,1050,550,1176,924,485,1470,23,56,32,429,104,278,461,87,23159,1124,2407,2342,4438,1575,3037,7315,921,7256,308,1072,396,2210,375,659,1892,344
"2011","North Devon","E07000043",45224,2580,4901,3841,12145,1955,5178,12479,2145,7836,1501,446,852,1825,460,1203,989,560,1725,26,87,58,716,79,252,433,74,23781,847,2954,2430,5461,925,2632,7577,955,11882,206,1414,501,4143,491,1091,3480,556
"2011","South Hams","E07000044",40479,1966,2939,3496,9027,2355,5787,12742,2167,8102,1030,422,860,1509,592,1742,1325,622,1466,10,43,24,351,109,271,555,103,23110,741,1968,2222,4417,1244,2987,8577,954,7801,185,506,390,2750,410,787,2285,488
"2011","Teignbridge","E07000045",59453,2229,4024,5412,14298,3684,8387,18377,3042,8819,730,508,1084,1720,656,1901,1504,716,2917,24,81,75,869,211,471,1027,159,36818,1225,2680,3666,7796,2285,4960,12582,1624,10899,250,755,587,3913,532,1055,3264,543
"2011","Torridge","E07000046",29731,2635,3386,2945,6873,1476,3316,7714,1386,6026,1600,442,632,1058,395,830,688,381,949,8,65,22,352,43,103,288,68,17053,877,2132,1938,3665,781,1818,5221,621,5703,150,747,353,1798,257,565,1517,316
"2011","West Devon","E07000047",25527,1939,2122,2067,5717,1532,3176,7723,1251,5419,1199,322,509,988,349,904,784,364,755,7,40,27,198,48,113,280,42,14645,617,1357,1349,2889,856,1731,5266,580,4708,116,403,182,1642,279,428,1393,265
"2011","Christchurch","E07000048",20530,279,1634,1886,4849,1567,3562,5676,1077,2597,50,193,360,461,311,618,405,199,1183,3,49,33,330,116,291,311,50,12934,180,1057,1335,2649,896,2183,4016,618,3816,46,335,158,1409,244,470,944,210
"2011","East Dorset","E07000049",40451,1000,3874,3839,8567,2787,7333,10916,2135,6109,309,442,803,969,602,1657,925,402,925,6,35,26,229,89,273,210,57,28245,565,2920,2730,5605,1808,4795,8471,1351,5172,120,477,280,1764,288,608,1310,325
"2011","North Dorset","E07000050",33765,1715,3539,3193,6368,1844,4337,10820,1949,5454,734,384,599,880,457,1036,958,406,826,11,37,23,151,79,222,258,45,20576,769,2328,2209,3556,1050,2530,7065,1069,6909,201,790,362,1781,258,549,2539,429
"2011","Purbeck","E07000051",21662,904,1931,1854,4766,1251,3001,6605,1350,3227,265,173,369,697,285,655,511,272,805,4,34,19,238,68,165,221,56,13150,503,1310,1252,2397,714,1772,4436,766,4480,132,414,214,1434,184,409,1437,256
"2011","West Dorset","E07000052",46237,2472,4053,3844,10024,2236,6059,15080,2469,8443,1240,502,843,1550,564,1713,1294,737,1356,11,49,41,389,111,233,426,96,26024,996,2676,2497,4698,1131,3186,9722,1118,10414,225,826,463,3387,430,927,3638,518
"2011","Weymouth and Portland","E07000053",30170,580,2649,2470,7408,1775,3184,10607,1497,3046,85,153,411,787,225,540,615,230,2472,23,123,97,990,126,242,732,139,16998,347,1693,1623,2906,951,1762,7021,695,7654,125,680,339,2725,473,640,2239,433
"2011","Cheltenham","E07000078",59529,951,5725,3526,12622,4357,11009,18695,2644,6199,89,445,647,992,827,1656,1106,437,4236,43,181,86,1036,276,1023,1382,209,31297,660,3671,2308,5156,2259,5639,10415,1189,17797,159,1428,485,5438,995,2691,5792,809
"2011","Cotswold","E07000079",42048,2087,3483,3369,9688,3134,7863,9830,2594,8268,796,469,720,1503,747,2183,1096,754,1273,13,38,37,196,148,422,329,90,24690,1057,2379,2206,5145,1835,4282,6491,1295,7817,221,597,406,2844,404,976,1914,455
"2011","Forest of Dean","E07000080",39372,1724,5308,3739,7793,2672,5504,10793,1839,5618,636,465,656,875,523,1162,914,387,1250,15,81,30,338,80,211,425,70,26281,904,3846,2584,4837,1753,3495,7783,1079,6223,169,916,469,1743,316,636,1671,303
"2011","Gloucester","E07000081",61652,1469,6931,4817,13513,4670,9489,18399,2364,4439,103,372,607,789,488,914,847,319,4979,45,248,93,1644,315,837,1563,234,37901,951,4885,3399,6881,3007,5957,11482,1339,14333,370,1426,718,4199,860,1781,4507,472
"2011","Stroud","E07000082",57745,2421,7285,4933,10758,4122,9354,16163,2709,8353,582,629,896,1204,913,2059,1406,664,2045,35,131,53,488,170,447,609,112,37996,1513,5232,3451,6312,2583,5860,11563,1482,9351,291,1293,533,2754,456,988,2585,451
"2011","Tewkesbury","E07000083",41849,1378,5182,3001,8316,2810,7165,12138,1859,5331,441,413,533,840,527,1325,837,415,2166,22,75,30,717,125,389,708,100,26983,771,3632,2109,4738,1764,4533,8393,1043,7369,144,1062,329,2021,394,918,2200,301
"2011","Mendip","E07000187",54272,2512,5548,4762,12744,3984,7169,14741,2812,8764,974,681,907,1443,807,1804,1423,725,1496,6,68,30,468,115,296,428,85,33099,1300,3615,3229,6860,2438,4074,10148,1435,10913,232,1184,596,3973,624,995,2742,567
"2011","Sedgemoor","E07000188",54956,2704,6108,5035,13972,3544,6673,14521,2399,7339,802,567,958,1571,613,1395,957,476,1214,57,69,35,389,92,202,296,74,34989,1561,4015,3402,8052,2159,4053,10382,1365,11414,284,1457,640,3960,680,1023,2886,484
"2011","South Somerset","E07000189",79424,2974,12627,6508,17504,4524,9047,22459,3781,10805,1343,861,1233,1938,891,1948,1771,820,1655,13,89,44,546,120,301,425,117,49248,1325,8096,4434,9907,2738,5329,15348,2071,17716,293,3581,797,5113,775,1469,4915,773
"2011","Taunton Deane","E07000190",54619,1921,4065,4034,11960,3017,7421,19767,2434,6815,633,466,755,1212,568,1394,1272,515,1884,12,54,40,554,139,356,641,88,30698,1039,2450,2715,5882,1671,3988,11774,1179,15222,237,1095,524,4312,639,1683,6080,652
"2011","West Somerset","E07000191",15557,1212,979,1154,4621,726,1885,4020,960,3998,622,144,295,1321,201,616,472,327,411,10,9,9,171,22,66,105,19,7770,469,596,727,1759,346,926,2519,428,3378,111,230,123,1370,157,277,924,186
"2011","Isle of Anglesey","W06000001",30726,2200,2363,2711,6528,2084,2763,10799,1278,4163,658,264,560,814,283,565,767,252,1021,14,61,36,365,87,95,302,61,20229,1329,1550,1745,3656,1295,1714,8224,716,5313,199,488,370,1693,419,389,1506,249
"2011","Gwynedd","W06000002",54523,3406,3183,5227,13235,2924,5143,18334,3071,8864,1525,460,1061,1956,557,1160,1508,637,2782,51,113,103,1093,123,274,870,155,31684,1524,1907,3294,6076,1712,2833,12694,1644,11193,306,703,769,4110,532,876,3262,635
"2011","Conwy","W06000003",50627,1904,2488,4135,13586,2827,5898,17216,2573,6977,911,335,794,1695,515,1165,1134,428,2746,41,41,64,1180,135,270,836,179,31678,791,1755,2753,6835,1751,3673,12655,1465,9226,161,357,524,3876,426,790,2591,501
"2011","Denbighshire","W06000004",41474,1622,3756,3498,8865,2318,4579,14756,2080,5278,758,351,639,952,416,859,923,380,1832,34,81,60,561,92,203,705,96,26018,675,2645,2323,4528,1370,2814,10570,1093,8346,155,679,476,2824,440,703,2558,511
"2011","Flintshire","W06000005",74421,2161,14071,5701,15988,4462,10300,18880,2858,6697,481,623,912,1236,634,1321,1052,438,3596,41,323,75,1482,159,589,766,161,51651,1318,10524,3952,9378,3050,7179,14508,1742,12477,321,2601,762,3892,619,1211,2554,517
"2011","Wrexham","W06000006",63967,2073,11691,4401,12833,3915,7637,18813,2604,5460,620,491,731,901,449,1084,819,365,3910,63,387,79,1434,192,495,1062,198,42317,1179,8551,2987,6962,2669,4945,13512,1512,12280,211,2262,604,3536,605,1113,3420,529
"2011","Powys","W06000023",64632,7042,5883,5988,13837,3377,6864,18565,3076,14260,4545,761,1288,2542,812,1718,1727,867,1098,30,77,38,276,86,159,363,69,37649,2072,3714,3928,7061,1926,3893,13477,1578,11625,395,1331,734,3958,553,1094,2998,562
"2011","Ceredigion","W06000008",32853,2908,1714,2786,7543,1564,3191,11209,1938,7054,1923,411,671,1284,419,887,1005,454,1080,17,28,25,349,51,111,416,83,17995,810,999,1764,3473,866,1691,7457,935,6724,158,276,326,2437,228,502,2331,466
"2011","Pembrokeshire","W06000009",54774,3708,4162,5833,13356,2883,5577,16428,2827,9705,1969,543,1078,2080,538,1355,1505,637,1831,73,105,322,503,106,190,440,92,33391,1377,2914,3497,7231,1779,3204,11816,1573,9847,289,600,936,3542,460,828,2667,525
"2011","Carmarthenshire","W06000010",81402,4863,7067,7272,17837,4486,8070,28424,3383,12055,2921,755,1314,2097,790,1613,1780,785,2490,27,99,103,830,128,358,831,114,53539,1629,4869,4824,10476,2975,5026,21883,1857,13318,286,1344,1031,4434,593,1073,3930,627
"2011","Swansea","W06000011",103457,1766,7451,7443,24500,7235,13405,36884,4773,8427,343,553,1165,1631,812,1664,1589,670,6848,49,190,157,2493,491,1015,2072,381,67205,1122,5614,5053,13447,4583,8188,26568,2630,20977,252,1094,1068,6929,1349,2538,6655,1092
"2011","Neath Port Talbot","W06000012",59258,1568,8581,5108,11486,3526,6814,19609,2566,4160,192,328,663,687,410,701,889,290,2974,48,132,80,948,200,460,929,177,41250,1079,6595,3524,6766,2312,4639,14766,1569,10874,249,1526,841,3085,604,1014,3025,530
"2011","Bridgend","W06000013",61551,1519,8207,5158,13307,3693,7194,19896,2577,4910,238,394,704,894,470,892,976,342,3264,80,138,101,1008,197,626,954,160,42445,1000,6465,3623,7936,2487,4652,14731,1551,10932,201,1210,730,3469,539,1024,3235,524
"2011","Vale of Glamorgan","W06000014",59274,1485,4174,4456,11747,4399,9368,20826,2819,5986,347,422,709,935,509,1458,1225,381,5241,122,124,111,1405,395,1307,1526,251,38203,846,3095,3101,6621,2949,5487,14412,1692,9844,170,533,535,2786,546,1116,3663,495
"2011","Cardiff","W06000015",160377,3339,8710,9322,35656,11939,27964,54514,8933,12190,227,651,1253,1943,1417,3068,2593,1038,21444,482,657,503,6382,1559,4706,5901,1254,87084,1899,5991,6198,15146,6487,13714,33564,4085,39659,731,1411,1368,12185,2476,6476,12456,2556
"2011","Rhondda Cynon Taff","W06000016",99690,2532,12536,10340,19982,5651,11473,32988,4188,6863,258,556,1165,1250,701,1120,1377,436,8147,232,403,323,2221,487,1669,2400,412,67305,1735,9290,7117,11725,3755,7143,24034,2506,17375,307,2287,1735,4786,708,1541,5177,834
"2011","Merthyr Tydfil","W06000024",25202,595,3453,2319,5209,1457,2727,8488,954,1699,63,147,273,340,178,253,360,85,2228,39,162,65,692,117,340,695,118,15836,418,2255,1489,2824,873,1617,5829,531,5439,75,889,492,1353,289,517,1604,220
"2011","Caerphilly","W06000018",77756,2051,12573,6650,15159,4529,9987,23852,2955,5415,230,471,838,1042,508,938,1033,355,6007,168,399,155,1550,362,1389,1729,255,53344,1406,9238,4725,9074,3092,6340,17636,1833,12990,247,2465,932,3493,567,1320,3454,512
"2011","Blaenau Gwent","W06000019",28400,749,5697,2248,5615,1394,2483,9149,1065,1682,73,148,255,379,175,210,326,116,1099,16,71,23,366,53,150,368,52,19682,531,4203,1585,3322,960,1694,6736,651,5937,129,1275,385,1548,206,429,1719,246
"2011","Torfaen","W06000020",40415,813,5872,3542,8259,2386,4964,12980,1599,2621,81,240,419,431,270,482,536,162,2409,39,149,82,769,195,352,681,142,28121,596,4301,2482,5089,1635,3362,9711,945,7264,97,1182,559,1970,286,768,2052,350
"2011","Monmouthshire","W06000021",43210,1936,4078,3281,9396,2884,6373,13259,2003,6828,978,470,672,1091,628,1494,1064,431,1499,22,47,51,307,133,407,471,61,27710,799,2985,2203,5370,1724,3735,9770,1124,7173,137,576,355,2628,399,737,1954,387
"2011","Newport","W06000022",64691,1350,6898,4491,15472,4790,9904,19362,2424,4795,194,351,587,895,562,1090,788,328,6424,108,310,154,2183,428,1264,1720,257,41071,879,5030,3091,8376,3017,5982,13346,1350,12401,169,1207,659,4018,783,1568,3508,489
