"date","geography","geography code","Industry: All categories: Industry; measures: Value","Industry: A Agriculture, forestry and fishing; measures: Value","Industry: B Mining and quarrying; measures: Value","Industry: C Manufacturing; measures: Value","Industry: C10-12 Manufacturing: Food, beverages and tobacco; measures: Value","Industry: C13-15 Manufacturing: Textiles, wearing apparel and leather and related products; measures: Value","Industry: C16,17 Manufacturing: Wood, paper and paper products; measures: Value","Industry: C19-22 Manufacturing: Chemicals, chemical products, rubber and plastic; measures: Value","Industry: C23-25 Manufacturing: Low tech; measures: Value","Industry: C26-30 Manufacturing: High tech; measures: Value","Industry: C18, 31, 32 Manufacturing: Other; measures: Value","Industry: D Electricity, gas, steam and air conditioning supply; measures: Value","Industry: E Water supply, sewerage, waste management and remediation activities; measures: Value","Industry: F Construction; measures: Value","Industry: G Wholesale and retail trade; repair of motor vehicles and motor cycles; measures: Value","Industry: H Transport and storage; measures: Value","Industry: I Accommodation and food service activities; measures: Value","Industry: J Information and communication; measures: Value","Industry: K Financial and insurance activities; measures: Value","Industry: L Real estate activities; measures: Value","Industry: M Professional, scientific and technical activities; measures: Value","Industry: N Administrative and support service activities; measures: Value","Industry: O Public administration and defence; compulsory social security; measures: Value","Industry: P Education; measures: Value","Industry: Q Human health and social work activities; measures: Value","Industry: R,S Arts, entertainment and recreation; other service activities; measures: Value","Industry: T Activities of households as employers; undifferentiated goods - and services - producing activities of households for own use; measures: Value","Industry: U Activities of extraterritorial organisations and bodies; measures: Value"
"2011","Darlington","E06000005",52096,290,58,4097,282,93,244,456,834,1179,1009,126,262,3936,8770,2856,2960,2945,2281,491,2535,2350,3198,3941,8777,2207,13,3
"2011","County Durham","E06000047",196872,2093,589,26428,3602,785,763,4175,4703,7687,4713,1697,2495,16740,29107,8189,11774,2779,3539,2416,6913,7671,16899,21621,27017,8806,84,15
"2011","Hartlepool","E06000001",34197,131,95,4015,298,67,163,705,1391,793,598,761,507,3270,5198,1268,1938,388,448,525,1125,1329,2241,3727,5589,1631,10,1
"2011","Middlesbrough","E06000002",62839,52,80,3048,572,58,27,550,857,311,673,530,237,4171,9636,2868,3578,1305,1104,1040,2414,2790,4491,8133,14528,2807,18,9
"2011","Northumberland","E06000057",123686,3629,479,12782,1292,271,1288,2584,2026,2154,3167,496,924,10234,18455,4561,8815,2022,1824,1658,5433,4491,12826,10698,17943,6325,82,9
"2011","Redcar and Cleveland","E06000003",45844,255,967,5527,398,201,81,1104,2536,505,702,437,459,4000,7302,2546,2648,540,550,755,2010,1913,2331,5225,6274,2079,18,8
"2011","Stockton-on-Tees","E06000004",86322,244,292,9383,1476,172,155,2329,1985,1506,1760,797,710,7462,14867,4192,4173,2244,3546,1020,5385,3980,5393,7809,11545,3255,20,5
"2011","Gateshead","E08000037",91882,157,151,11137,951,273,266,1746,2742,2500,2659,330,549,8158,18202,5311,4790,2588,1918,1157,3502,4847,5902,7408,11846,3904,18,7
"2011","Newcastle upon Tyne","E08000021",169652,142,204,8267,1195,190,92,1216,1631,1827,2116,680,440,8871,22517,8454,11399,7154,8201,2726,13148,7730,13020,19855,28403,8358,66,17
"2011","North Tyneside","E08000022",84221,131,105,7059,682,300,181,1302,1149,1275,2170,622,494,6993,12967,3049,4192,4624,3156,1329,3718,4137,9146,7086,11811,3564,31,7
"2011","South Tyneside","E08000023",50317,70,180,5543,247,327,157,288,1131,1746,1647,318,335,4510,7691,2755,2893,918,765,685,1690,2202,3473,5060,8763,2449,13,4
"2011","Sunderland","E08000024",126089,113,136,17470,531,481,425,846,1858,10289,3040,3792,1040,8984,18879,6239,6417,2923,4883,1988,3228,5880,10336,11359,17294,5098,25,5
"2011","Blackburn with Darwen","E06000008",64522,121,11,9958,1135,892,876,1736,1391,1548,2380,237,455,4065,10850,2701,2707,1936,1171,800,2870,2560,3301,7675,10630,2444,25,5
"2011","Blackpool","E06000009",63189,55,12,3759,1280,114,30,456,386,637,856,236,235,3995,9725,2606,7419,849,1183,707,2006,2443,6767,5525,11809,3830,22,6
"2011","Cheshire East","E06000049",182026,2724,399,24747,2731,799,981,5972,2667,7493,4104,644,1063,10967,30722,7952,10537,7263,8966,2702,13881,8470,5377,14921,22155,8314,198,24
"2011","Cheshire West and Chester","E06000050",158249,2034,332,16675,2106,333,439,4418,2398,4411,2570,570,1199,10353,29503,6436,10337,4199,8600,2185,10327,7378,7847,15117,17961,7073,116,7
"2011","Halton","E06000006",57420,68,69,7618,528,107,150,2370,1276,1445,1742,311,808,4379,10943,4567,2431,3122,886,634,3086,2863,3079,4625,6037,1885,7,2
"2011","Warrington","E06000007",114983,254,53,8236,1105,258,133,1259,1792,1633,2056,1723,4134,9239,20645,7692,5425,6370,2962,1091,7992,6672,5996,8068,13656,4731,37,7
"2011","Allerdale","E07000026",40513,1540,78,5443,618,306,611,1332,960,476,1140,216,434,3820,6718,1683,3802,517,484,508,1456,1404,2287,3672,4453,1984,11,3
"2011","Barrow-in-Furness","E07000027",31302,115,99,6701,96,54,464,362,531,4597,597,362,221,2279,4636,1238,1771,505,508,216,938,1000,1983,2666,4812,1239,12,1
"2011","Carlisle","E07000028",56652,1342,49,5617,2090,310,157,1105,888,291,776,216,479,4636,10556,4035,3471,932,1057,750,2380,2160,3985,4617,7867,2484,14,5
"2011","Copeland","E07000029",34640,681,59,8069,213,60,106,91,7230,126,243,1683,1324,3296,3299,836,1885,428,266,286,1830,1334,1655,2341,4201,1157,10,0
"2011","Eden","E07000030",28783,2306,113,2018,690,63,179,100,462,134,390,66,227,2782,4572,1485,3703,384,354,341,1223,1134,1877,2279,2644,1246,27,2
"2011","South Lakeland","E07000031",52022,1487,229,4789,775,184,736,487,547,1106,954,254,270,4430,9818,1510,6883,947,910,699,2515,1919,1450,5190,5738,2939,43,2
"2011","Bolton","E08000001",114946,185,54,12742,2669,928,612,1881,2170,1880,2602,1131,1116,9807,22351,4869,5794,2479,3710,1742,5490,5483,5662,11486,15772,5033,39,1
"2011","Bury","E08000002",73437,115,43,6827,458,895,224,1598,1244,812,1596,165,505,5543,13473,3082,3835,2365,2015,944,3517,3329,3030,7715,13584,3310,38,2
"2011","Manchester","E08000003",319745,155,92,14789,2361,1610,251,1701,1608,3620,3638,748,931,12190,40601,22996,21904,12168,22958,5964,32621,19210,16121,36963,44984,14127,117,106
"2011","Oldham","E08000004",89047,123,16,10909,1429,853,373,1205,1803,2444,2802,425,658,7973,18285,4880,4326,1977,1693,1454,3100,3744,3935,9545,12476,3485,36,7
"2011","Rochdale","E08000005",79184,119,20,10496,930,1511,436,2014,1823,1758,2024,188,753,7105,14443,5121,3930,2130,1478,1196,2935,3512,3850,8016,10547,3303,39,3
"2011","Salford","E08000006",113752,108,33,7745,980,426,222,1183,1267,1757,1910,682,1069,9352,16951,4784,5768,4463,5597,1884,6460,7143,8942,11654,16744,4323,44,6
"2011","Stockport","E08000007",125903,144,57,11871,1761,705,316,1165,1653,3184,3087,1652,657,10529,21748,5687,5615,5017,5339,1765,8178,7356,5101,11830,17573,5712,64,8
"2011","Tameside","E08000008",79528,97,20,11548,1660,848,573,1836,1879,2385,2367,589,645,7560,14537,3326,3880,1474,1674,1240,2907,3256,4148,7710,11305,3570,35,7
"2011","Trafford","E08000009",129951,134,43,11889,2830,532,549,1725,1314,1869,3070,1237,918,9177,26905,6714,6606,5844,5491,1809,9594,8588,7651,9034,11655,6550,105,7
"2011","Wigan","E08000010",117725,248,99,13719,4582,769,626,1487,1937,1977,2341,468,1038,13166,21434,6028,6153,2134,2116,1533,4096,6447,6139,10887,15635,6330,45,10
"2011","Burnley","E07000117",37472,89,8,6285,568,273,196,845,901,2153,1349,80,230,2626,6478,1577,1719,621,1061,538,1206,1603,2011,3500,6117,1712,11,0
"2011","Chorley","E07000118",41674,496,20,3104,460,329,113,272,604,518,808,98,224,3723,6695,1445,2408,1502,811,478,2384,2114,2980,4183,6812,2181,14,2
"2011","Fylde","E07000119",42934,361,11,9797,796,63,42,432,1469,6164,831,155,197,2700,4748,1075,3012,1787,2247,452,2373,1522,4130,2759,3909,1679,18,2
"2011","Hyndburn","E07000120",31172,111,11,5097,290,558,285,563,585,1040,1776,137,194,2559,6518,1381,1482,484,411,318,908,1352,1574,3412,3987,1227,9,0
"2011","Lancaster","E07000121",58893,998,122,2965,336,268,198,290,585,522,766,1686,499,4105,8821,2971,4191,1320,1135,551,2347,2538,2927,9158,9636,2885,36,2
"2011","Pendle","E07000122",34602,232,6,8089,969,728,117,675,1120,2271,2209,49,193,2858,6210,1079,1725,853,558,377,1199,1451,1320,3225,3779,1375,23,1
"2011","Preston","E07000123",87088,467,25,4870,578,618,177,779,417,988,1313,215,591,5096,15041,4040,4121,2923,4727,1149,4394,4110,10120,8734,13326,3116,22,1
"2011","Ribble Valley","E07000124",29815,837,36,7273,753,145,78,733,712,4264,588,51,141,2105,3924,803,2327,452,475,307,1241,921,1523,2594,3563,1212,22,8
"2011","Rossendale","E07000125",24266,100,15,4460,354,517,281,724,560,936,1088,44,177,2491,4139,986,1004,536,426,310,1139,1104,750,2532,2947,1090,16,0
"2011","South Ribble","E07000126",49069,395,6,7034,1454,302,168,723,967,2150,1270,272,793,5199,8735,2670,2194,1079,681,928,2318,2310,2929,4295,5316,1897,17,1
"2011","West Lancashire","E07000127",49510,1608,41,6711,1396,411,583,537,1465,906,1413,100,489,3670,9137,2849,2603,1016,1556,362,2073,2168,1497,5881,5901,1824,23,1
"2011","Wyre","E07000128",37730,831,15,3266,662,184,109,631,667,393,620,111,341,4100,6956,1502,2698,753,849,351,1575,1253,3269,3934,4076,1833,13,4
"2011","Knowsley","E08000011",57202,95,40,9044,791,194,339,1106,1326,3925,1363,241,767,5496,7302,3392,2005,1040,1231,746,1739,2897,2919,5052,10733,2440,20,3
"2011","Liverpool","E08000012",235801,146,40,13481,2851,406,294,2505,1285,3152,2988,619,1029,12391,34216,12454,15784,6336,10206,4346,14089,10397,21370,23811,42414,12567,77,28
"2011","Sefton","E08000014",102777,277,23,5216,903,244,164,577,925,913,1490,217,566,7835,17844,5241,5895,2063,4886,1399,4239,4456,9326,11397,16559,5272,59,7
"2011","St. Helens","E08000013",64928,216,35,6522,617,273,211,772,2616,864,1169,222,679,5936,12523,4008,3275,1245,1140,1121,2801,3957,3106,6568,8635,2917,20,2
"2011","Wirral","E08000015",112249,186,57,10169,2396,204,144,1909,1347,1756,2413,670,929,8331,16705,4516,5866,2164,2518,1918,6285,5118,7198,13046,20877,5613,72,11
"2011","East Riding of Yorkshire","E06000011",133512,4404,326,16132,2559,336,612,2374,2058,4431,3762,748,854,11481,21652,6459,8038,2839,2147,1286,5609,4926,9224,13130,18142,6009,91,15
"2011","Kingston upon Hull, City of","E06000010",124406,224,88,17061,3577,297,559,3301,2396,2931,4000,1031,679,9903,22449,6442,6854,2401,1601,1389,4946,6412,8298,12289,17255,5033,43,8
"2011","North East Lincolnshire","E06000012",71067,256,87,10070,4010,130,113,2306,1470,443,1598,400,352,5168,13727,5380,3812,731,1010,721,2560,2867,3669,7003,10383,2839,28,4
"2011","North Lincolnshire","E06000013",76797,1211,270,16523,3015,127,579,2716,7269,840,1977,574,572,6741,12664,5434,3841,805,1117,718,2258,3020,2909,6242,9168,2695,32,3
"2011","York","E06000014",102927,494,29,5597,2299,139,125,261,671,538,1564,212,403,7661,17460,5696,7958,3170,4905,1287,6186,4282,6653,11434,14159,5286,45,10
"2011","Craven","E07000163",27277,1084,101,2985,370,204,112,331,447,458,1063,34,130,2602,4361,1021,2405,537,1559,320,1459,1396,674,2938,2540,1106,23,2
"2011","Hambleton","E07000164",48641,2445,48,4414,1545,102,83,380,851,452,1001,146,310,3656,7015,1571,3033,974,772,562,2201,1770,7591,4565,5415,2089,52,12
"2011","Harrogate","E07000165",82129,2087,78,5241,1269,220,153,435,584,1024,1556,180,341,5759,14432,2793,6046,2564,4053,916,6275,3661,5346,7168,10497,3658,120,914
"2011","Richmondshire","E07000166",27802,1301,68,1481,291,85,35,118,451,168,333,83,115,2113,2999,727,2289,374,286,243,846,1097,9004,1666,1814,1249,42,5
"2011","Ryedale","E07000167",25988,1922,55,3716,1295,53,73,339,696,559,701,78,148,2224,4009,827,2071,304,338,351,1701,963,1157,2059,2219,1799,44,3
"2011","Scarborough","E07000168",46119,997,71,4603,1213,74,211,362,583,1104,1056,118,209,3476,7927,1502,5997,579,612,602,1570,1592,1822,4160,7702,2555,21,4
"2011","Selby","E07000169",35476,1159,678,5396,2439,73,262,275,904,443,1000,1484,348,3320,5440,2245,1894,775,738,264,1572,1683,1133,3211,2854,1250,29,3
"2011","Barnsley","E08000016",82962,505,141,10478,2219,280,385,1183,2710,1665,2036,257,702,9286,13339,3747,4329,1421,1879,948,3050,3525,3914,8426,13202,3779,31,3
"2011","Doncaster","E08000017",127557,685,735,11732,1708,339,325,1876,2871,1878,2735,485,1248,12224,25294,8511,6703,2369,2985,1074,3981,6032,7031,11812,18969,5632,48,7
"2011","Rotherham","E08000018",107716,377,602,15274,1356,280,600,1119,5746,2883,3290,984,1160,10741,17339,5726,5090,2629,2388,854,3753,6227,4605,11093,14746,4091,33,4
"2011","Sheffield","E08000019",261340,409,105,25406,2637,549,514,1340,10628,3704,6034,646,1863,18657,42783,11180,14334,8426,9068,3807,14472,10392,17381,31137,39043,12097,119,15
"2011","Bradford","E08000032",213515,576,79,25168,3325,2248,883,2792,3247,5111,7562,475,2033,14181,39564,9871,10488,4650,9285,3027,8896,9808,10643,25786,30653,8218,76,38
"2011","Calderdale","E08000033",94704,315,77,13330,1669,903,361,1561,2757,2826,3253,213,757,7590,13494,3307,4730,2226,12087,1092,3783,3583,3948,9081,11338,3699,52,2
"2011","Kirklees","E08000034",166882,665,149,26784,2790,4396,601,3094,3973,4664,7266,530,1270,13480,30080,7819,8417,3606,3600,1859,7458,6741,7309,18986,21056,7002,66,5
"2011","Leeds","E08000035",409815,752,251,32668,4034,1832,902,3440,5401,5819,11240,4000,3122,28925,64000,19208,21698,15976,27888,5484,32291,22157,22867,39542,50054,18736,163,33
"2011","Wakefield","E08000036",151142,506,289,17473,4320,1407,507,1602,3252,1667,4718,1239,1095,12928,31938,9534,7639,2838,3097,2116,5455,7065,8902,12640,20558,5788,38,4
"2011","Derby","E06000015",123890,105,83,20075,1131,526,175,1113,2732,11750,2648,429,868,7803,19507,6018,6303,3478,2478,1597,6626,5467,5634,12382,20157,4841,31,8
"2011","Leicester","E06000016",163224,139,58,22429,4729,5136,766,1759,2646,2837,4556,1391,772,8790,27049,5874,7984,3256,5146,2010,7058,7787,9220,20203,27395,6620,37,6
"2011","Nottingham","E06000018",174216,177,69,11966,2394,1045,329,1196,1451,1634,3917,2049,737,9210,26949,7594,10087,5965,5484,3049,10633,9128,11344,22944,29052,7716,52,11
"2011","Rutland","E06000017",18293,414,11,2140,151,145,28,613,395,441,367,34,136,1170,2764,610,1067,404,212,177,943,654,3071,2368,1320,756,42,0
"2011","Amber Valley","E07000032",55025,412,100,11540,1874,1320,408,2041,2308,1265,2324,224,434,5388,8996,2889,2700,1152,727,628,2232,2067,3116,4534,5532,2326,26,2
"2011","Bolsover","E07000033",29342,208,151,4841,255,178,53,1119,1283,1083,870,117,366,2914,6708,1812,1416,594,314,185,890,1290,796,2363,3089,1278,10,0
"2011","Chesterfield","E07000034",51786,74,72,5442,343,184,209,582,1680,1070,1374,200,277,3574,10486,2567,2448,1981,1083,460,2373,2134,2403,4759,9179,2256,15,3
"2011","Derbyshire Dales","E07000035",36196,1225,405,4072,853,434,101,386,1114,585,599,48,391,3169,5368,1463,3265,735,432,599,1937,1330,2178,3384,3783,2356,52,4
"2011","Erewash","E07000036",42970,144,36,8291,218,934,182,972,1319,1552,3114,173,490,4401,7702,2332,2255,819,680,466,1583,1693,1258,4279,4667,1690,10,1
"2011","High Peak","E07000037",35791,437,545,5787,791,133,225,901,1377,1268,1092,77,239,3072,5700,1794,2276,757,643,406,2061,1424,1194,3725,3925,1707,20,2
"2011","North East Derbyshire","E07000038",31416,485,143,5332,1066,144,201,414,1645,1077,785,124,355,3960,4368,1193,1847,838,524,418,1285,1405,605,2984,4127,1405,13,5
"2011","South Derbyshire","E07000039",33980,626,80,7302,1136,79,95,699,1049,3522,722,144,309,3113,4845,1987,1838,596,393,262,2001,1459,936,3489,3135,1436,28,1
"2011","Blaby","E07000129",51967,235,101,4837,837,419,202,308,839,953,1279,1881,346,4572,11628,2812,2090,1130,3018,342,2468,1972,5520,3377,4016,1611,10,1
"2011","Charnwood","E07000130",67856,429,305,9765,815,565,305,1464,1702,2626,2288,317,488,5719,11890,2547,3790,1514,1140,650,4280,2699,2019,10445,6351,3462,44,2
"2011","Harborough","E07000131",42180,882,91,3587,413,325,83,595,480,891,800,110,217,3180,11674,3350,2148,1357,864,447,2317,2529,1381,3353,2946,1708,36,3
"2011","Hinckley and Bosworth","E07000132",42514,531,95,7219,186,660,269,312,1164,2653,1975,1285,354,3934,7586,2094,2172,1144,923,334,2568,1650,928,4028,3570,2088,11,0
"2011","Melton","E07000133",22107,651,23,4519,2003,101,429,419,466,324,777,58,166,1686,3351,937,1405,449,361,221,1236,944,756,2053,1829,1431,26,5
"2011","North West Leicestershire","E07000134",53711,477,493,8196,1448,384,454,983,1515,1890,1522,836,302,4676,9650,8268,2594,1000,966,499,2811,2671,1334,3783,3260,1871,17,7
"2011","Oadby and Wigston","E07000135",21125,34,7,3269,835,264,52,283,473,612,750,89,95,1629,4578,802,956,396,500,232,852,904,691,2729,2399,956,7,0
"2011","Boston","E07000136",31094,1608,18,4481,1752,348,414,74,223,448,1222,65,270,1791,6519,1562,1214,280,365,453,782,1756,1025,2273,5581,1037,13,1
"2011","East Lindsey","E07000137",51693,2440,92,4730,550,256,417,829,443,749,1486,166,480,4129,9172,1956,5104,615,542,605,1859,1968,4121,4694,5943,3020,51,6
"2011","Lincoln","E07000138",55050,164,21,4608,570,68,42,522,630,1934,842,206,977,3469,10608,2021,3184,1126,1028,655,2565,2028,4679,5755,9677,2265,12,2
"2011","North Kesteven","E07000139",45839,1649,74,5112,1888,99,153,198,693,1034,1047,201,341,4246,6930,1761,2191,917,434,296,1670,1741,7510,3787,5115,1647,27,190
"2011","South Holland","E07000140",38861,2702,8,7491,4690,77,114,112,445,424,1629,161,231,3032,8040,2635,1491,419,499,283,1631,2530,813,2595,3033,1247,20,0
"2011","South Kesteven","E07000141",57223,1174,90,7886,1839,273,319,496,964,2200,1795,246,550,4804,10844,2150,3370,1473,1255,665,2688,2635,1820,5498,6960,3059,50,6
"2011","West Lindsey","E07000142",31075,1721,87,3516,709,73,141,497,548,696,852,115,279,3078,4986,1280,1511,444,310,379,1332,1235,2299,3432,3538,1496,34,3
"2011","Corby","E07000150",30883,64,11,8381,3058,231,174,1312,1066,1165,1375,98,243,1668,7419,2551,1113,487,260,178,814,1513,967,2285,1845,973,13,0
"2011","Daventry","E07000151",38650,662,17,5221,517,176,59,401,879,2369,820,58,373,2684,7476,4442,2020,1101,508,499,1981,2032,1593,3563,2732,1640,44,4
"2011","East Northamptonshire","E07000152",31128,488,11,4459,783,499,260,431,342,1344,800,61,254,3147,5845,1938,1403,690,569,433,1642,1495,655,3356,3121,1507,48,6
"2011","Kettering","E07000153",42290,224,18,4702,549,751,398,447,610,827,1120,130,283,3518,8311,2261,1749,1041,678,427,2154,1890,1250,3787,8292,1542,24,9
"2011","Northampton","E07000154",118778,108,14,10982,2095,1072,277,1238,1291,2553,2456,926,666,8112,22856,8352,4733,3518,8258,974,5307,6592,6425,9780,16270,4856,37,12
"2011","South Northamptonshire","E07000155",34323,948,19,3768,921,108,74,261,380,1288,736,57,177,3177,4504,2020,1813,1499,603,394,2623,2074,1207,3935,2636,2349,49,471
"2011","Wellingborough","E07000156",34351,202,22,5410,915,399,339,888,664,1078,1127,72,310,2791,7431,2413,1310,853,844,366,1391,2143,1484,3186,2738,1373,8,4
"2011","Ashfield","E07000170",53093,129,74,9756,398,1197,121,1481,2044,2405,2110,1841,270,5396,9133,2909,2063,1015,561,427,1616,1901,1657,3891,8766,1682,6,0
"2011","Bassetlaw","E07000171",51829,878,611,7096,2680,155,149,544,1458,723,1387,1088,478,4583,9450,3030,2715,673,720,540,1510,1848,2171,4274,8043,2078,40,3
"2011","Broxtowe","E07000172",38833,82,17,4283,934,239,76,304,573,1058,1099,349,130,3736,7895,2142,1923,1694,750,445,2030,1859,2153,3628,3977,1722,13,5
"2011","Gedling","E07000173",36897,246,102,3787,265,670,129,310,756,542,1115,192,395,4200,6765,1513,1821,699,547,471,1351,1418,3519,3740,4343,1770,18,0
"2011","Mansfield","E07000174",40987,95,138,4469,292,399,101,680,673,1010,1314,133,382,4430,8131,1542,2093,628,936,492,1474,1686,2362,4486,5498,1996,13,3
"2011","Newark and Sherwood","E07000175",50938,1127,600,6369,2068,164,204,269,1125,1339,1200,348,455,4409,8886,2367,4304,1559,622,544,2266,2113,2418,3883,5802,2829,33,4
"2011","Rushcliffe","E07000176",45942,610,101,3324,413,330,47,331,612,571,1020,1151,212,3620,6667,1359,2276,2277,1417,544,3653,1791,3794,5586,4812,2697,50,1
"2011","Herefordshire, County of","E06000019",87169,4937,82,11284,3058,206,446,1724,2076,1884,1890,167,638,7705,15079,2605,4891,1672,1303,1337,4064,3872,4093,7821,11522,3969,112,16
"2011","Shropshire","E06000051",145002,5895,209,14460,4082,346,736,887,2623,3021,2765,519,1341,11993,24083,5651,9002,3206,2311,1877,7120,5714,10423,13782,20352,6875,154,35
"2011","Stoke-on-Trent","E06000021",114156,127,140,14529,1096,243,240,1930,6256,2487,2277,1185,830,8725,21032,6238,4998,2529,3100,1141,3747,5289,4906,10070,19589,5949,28,4
"2011","Telford and Wrekin","E06000020",83177,631,67,15328,1322,415,613,1414,2438,5688,3438,262,832,4974,13765,3081,3612,4633,2762,1040,2831,3687,6112,7856,8579,3084,37,4
"2011","Cannock Chase","E07000192",38814,73,30,5229,217,146,132,546,1207,1868,1113,195,311,5218,8365,2350,2149,558,684,301,1305,1742,1346,3179,4267,1495,15,2
"2011","East Staffordshire","E07000193",59222,707,89,11365,3833,209,130,833,1302,3460,1598,244,369,4315,10617,3166,3613,1256,864,585,2226,2467,1990,4863,7853,2596,36,1
"2011","Lichfield","E07000194",44755,614,63,4799,534,149,78,573,1316,1225,924,305,415,4123,8322,2380,2658,1223,964,511,2458,2048,2329,3836,5226,2443,35,3
"2011","Newcastle-under-Lyme","E07000195",49280,321,38,5005,512,152,123,472,1644,1332,770,208,269,4048,10968,2989,2655,1310,1069,753,2280,2030,1360,6117,5723,2117,16,4
"2011","South Staffordshire","E07000196",36453,693,35,4288,394,93,75,449,906,1558,813,138,503,4306,6231,1742,2409,761,634,471,1577,1700,1902,3448,3731,1845,31,8
"2011","Stafford","E07000197",67178,1165,34,6518,594,121,122,773,1453,2094,1361,656,410,4605,10349,3101,3704,1672,1105,705,2811,3033,7155,5998,10857,3249,43,8
"2011","Staffordshire Moorlands","E07000198",34851,1136,113,4922,760,274,86,536,1053,1363,850,104,265,3280,4878,1437,2251,417,1676,360,1374,1414,967,3325,4058,2845,29,0
"2011","Tamworth","E07000199",30315,34,19,3908,402,130,94,509,953,960,860,75,202,2856,7365,2041,1574,774,1151,225,1128,1990,840,2576,2209,1341,7,0
"2011","North Warwickshire","E07000218",39558,370,710,5662,614,104,100,690,1301,2110,743,214,409,3433,7847,6567,2372,1072,488,289,1164,1923,761,2425,2480,1357,11,4
"2011","Nuneaton and Bedworth","E07000219",45300,95,33,5659,334,228,85,272,1491,2451,798,135,260,3320,9172,3397,1920,837,982,350,1427,2358,1774,4446,6837,2282,16,0
"2011","Rugby","E07000220",47452,472,48,7346,472,114,68,267,1556,3674,1195,474,297,4658,7631,3380,2927,1638,831,404,2385,2088,2164,4338,4400,1933,36,2
"2011","Stratford-on-Avon","E07000221",63398,1558,34,8908,398,144,118,403,1111,5543,1191,151,391,4730,10380,2108,4469,2723,2780,917,4987,3560,1800,5231,4931,3630,98,12
"2011","Warwick","E07000222",77726,456,28,7594,1167,140,108,430,553,3728,1468,2398,849,4189,12553,3525,4284,4425,1690,898,6787,3545,4261,6729,9415,3980,65,55
"2011","Birmingham","E08000025",488095,346,35,40693,3139,1267,781,3652,9246,13045,9563,1170,2697,28761,70496,25513,25288,14710,25405,8095,34212,22910,31636,60680,73766,21392,207,83
"2011","Coventry","E08000026",148246,175,46,16379,539,453,217,1079,2696,9124,2271,1699,2221,7294,25184,6811,7016,4442,6041,1955,6760,7055,7367,21938,19605,6187,52,19
"2011","Dudley","E08000027",123197,103,25,16772,685,370,363,1432,6013,3595,4314,958,896,11792,23188,4622,5749,2718,2733,1233,4929,6012,7022,12508,17038,4869,24,6
"2011","Sandwell","E08000028",125467,103,35,21462,2822,572,439,1906,7806,4200,3717,2575,1597,10766,23418,9354,4858,1452,2430,1941,3475,6195,4598,11254,14814,5097,39,4
"2011","Solihull","E08000029",99967,201,31,11022,591,156,140,363,895,7767,1110,1327,550,7158,15811,5990,6524,5802,4044,1430,6476,6557,3524,9223,10185,4029,70,13
"2011","Walsall","E08000030",105000,113,45,15587,972,1013,329,1153,6225,3373,2522,242,1818,9747,21049,5608,4593,1376,3028,1553,3057,4866,4511,10938,12910,3929,29,1
"2011","Wolverhampton","E08000031",108004,106,106,13837,1427,524,209,1263,4454,3455,2505,470,982,8234,17888,5693,5212,2505,3409,1815,3962,4538,6069,12044,16593,4498,41,2
"2011","Bromsgrove","E07000234",39055,322,19,3801,354,95,66,207,461,1281,1337,139,376,3688,5796,1081,2606,1350,1645,593,2348,2019,1703,4374,5019,2148,26,2
"2011","Malvern Hills","E07000235",31181,1016,27,3865,659,118,194,582,464,1049,799,119,206,2636,4806,806,1969,1087,612,527,2627,1292,1082,3366,3578,1520,39,1
"2011","Redditch","E07000236",39031,99,4,8338,408,102,87,627,2295,3317,1502,105,179,2766,7932,1557,1301,1511,675,294,2038,2005,1248,2878,4877,1212,11,1
"2011","Worcester","E07000237",53214,81,23,5300,231,108,38,385,1417,2085,1036,808,329,3055,8705,2318,2444,1711,1035,1245,2832,2081,3939,5870,9053,2363,22,0
"2011","Wychavon","E07000238",54092,1505,27,8139,1614,224,281,733,1294,2243,1750,156,588,4228,9638,2784,2915,1306,873,796,2825,3149,3503,4323,4733,2539,59,6
"2011","Wyre Forest","E07000239",37393,308,12,5331,166,1078,163,307,1065,1389,1163,94,350,3328,7599,1541,1993,821,670,655,1635,1644,1318,3471,4550,2040,31,2
"2011","Bedford","E06000055",74527,562,20,5632,826,134,107,548,1001,1639,1377,643,630,5743,13379,4069,3420,2346,1446,1025,4615,3490,5429,8644,10236,3143,41,14
"2011","Central Bedfordshire","E06000056",98170,922,88,10387,1198,210,499,1169,1640,3024,2647,226,573,11777,17088,5109,5110,3563,1751,1658,5889,4597,4760,11040,7945,5606,71,10
"2011","Luton","E06000032",89954,101,10,10121,889,404,63,757,907,4422,2679,137,444,6742,12745,10880,4111,3034,1766,1201,3878,7030,4152,10368,9947,3232,49,6
"2011","Peterborough","E06000031",101167,610,44,10227,1922,209,142,549,1042,4012,2351,318,910,5596,19031,5569,4177,3793,6327,1294,4504,7137,7246,8385,12142,3799,48,10
"2011","Southend-on-Sea","E06000033",72074,82,7,3980,167,219,113,409,680,671,1721,146,305,5691,11149,2828,3810,1642,5917,1226,3438,3760,4042,8094,11848,4071,32,6
"2011","Thurrock","E06000034",64202,125,37,4819,567,135,217,1367,747,553,1233,550,720,6429,17697,8303,2977,1127,1194,511,1891,3002,2137,5602,4862,2185,30,4
"2011","Cambridge","E07000008",94190,132,66,3384,182,75,33,597,244,1359,894,115,448,2792,11437,2249,4841,6754,1533,1245,12166,3369,3613,21616,14362,3940,80,48
"2011","East Cambridgeshire","E07000009",31112,1585,23,3578,401,177,368,501,519,781,831,90,296,3598,4758,2043,1235,932,431,365,2108,1418,681,3075,2954,1838,51,53
"2011","Fenland","E07000010",38156,1432,21,6612,2850,401,325,274,913,619,1230,73,287,3802,6675,2149,1392,493,520,428,1327,2291,2040,3147,4058,1392,11,6
"2011","Huntingdonshire","E07000011",77355,1037,49,10247,1103,214,597,1396,1358,2472,3107,157,1180,6168,11935,3122,3521,3099,1339,1155,5026,3729,6384,6587,8290,3296,50,984
"2011","South Cambridgeshire","E07000012",74393,1126,39,10001,835,175,253,1681,1342,3147,2568,128,459,6024,8987,2087,2615,5168,1173,840,10525,2930,3417,7465,8304,2968,91,46
"2011","Basildon","E07000066",82802,150,19,10199,321,217,132,867,1046,5270,2346,172,813,9120,15323,4473,3247,2712,3676,1390,3799,3689,3405,6340,10998,3237,36,4
"2011","Braintree","E07000067",57625,732,24,6639,995,185,228,593,1517,1359,1762,131,510,7228,9912,2659,2604,1637,1651,843,3245,2696,2855,5402,6061,2737,55,4
"2011","Brentwood","E07000068",33868,181,5,3176,182,50,66,245,330,1677,626,64,204,3805,4507,1469,1676,1550,2825,373,2324,1882,1034,3502,3497,1754,37,3
"2011","Castle Point","E07000069",25388,47,11,2030,81,135,96,351,343,469,555,91,195,3875,4623,1288,1231,496,876,256,1096,1102,775,3263,2759,1360,13,1
"2011","Chelmsford","E07000070",82621,518,35,5125,809,90,159,395,723,1674,1275,177,787,7578,13036,3689,3836,2420,4820,1303,5197,3578,6129,8942,11312,4076,59,4
"2011","Colchester","E07000071",83688,544,100,5022,598,152,203,469,680,1100,1820,234,519,6783,14404,2954,3898,2705,3200,1363,4227,3950,6536,10362,12740,4075,65,7
"2011","Epping Forest","E07000072",47610,468,11,2516,118,192,92,219,432,475,988,85,310,7171,8414,2409,2414,1365,1261,832,2927,3005,1562,4778,5001,3000,77,4
"2011","Harlow","E07000073",39814,29,2,4526,175,70,77,1026,755,1304,1119,64,275,3496,8825,1920,1453,1615,641,328,2149,2100,1461,3508,5998,1402,19,3
"2011","Maldon","E07000074",23037,432,28,3025,228,80,53,275,556,783,1050,246,344,3004,3768,1053,1143,489,607,289,1393,1153,646,1875,2284,1224,34,0
"2011","Rochford","E07000075",26660,211,9,2763,79,77,50,254,401,1046,856,222,224,3688,3949,1282,1269,620,1048,364,1438,1273,1635,2759,2441,1446,19,0
"2011","Tendring","E07000076",44323,703,18,3205,275,121,180,398,633,811,787,124,388,4576,8291,3156,2751,754,799,522,1530,1986,1798,4571,6705,2422,20,4
"2011","Uttlesford","E07000077",40286,663,10,3511,171,93,53,486,445,907,1356,55,196,3753,5485,6308,2119,1127,939,412,3030,2429,2147,3776,2662,1595,63,6
"2011","Broxbourne","E07000095",38867,94,8,3332,159,109,77,787,420,618,1162,132,265,5463,10925,2340,1447,1041,979,621,1675,2276,1003,3450,2272,1502,37,5
"2011","Dacorum","E07000096",66247,312,34,4351,297,118,60,427,600,1275,1574,229,295,6082,13240,3450,3303,4540,1910,874,5058,3649,2336,6769,6055,3666,88,6
"2011","East Hertfordshire","E07000242",58180,488,62,5883,368,101,86,2041,636,1142,1509,123,340,5626,9231,1852,3290,2124,1475,1003,5224,3149,2692,7083,5421,3023,84,7
"2011","Hertsmere","E07000098",46377,133,17,2666,161,143,32,666,235,666,763,283,168,4372,8338,2218,2424,2646,2579,930,3479,2687,1164,5073,4123,2966,104,7
"2011","North Hertfordshire","E07000099",52441,415,9,6642,278,128,122,1743,1258,1401,1712,228,315,5139,9340,1731,2330,2256,2601,997,3717,2233,1133,5278,5116,2908,50,3
"2011","St Albans","E07000240",61531,228,34,2695,507,143,29,342,261,587,826,99,357,5009,10493,2346,3004,3275,2532,902,7211,3458,1636,7687,6891,3548,118,8
"2011","Stevenage","E07000243",44839,25,5,5504,300,43,43,414,1526,2502,676,127,240,3655,7409,1739,2213,2767,940,497,2007,2116,3049,3786,6699,2036,18,7
"2011","Three Rivers","E07000102",35393,89,16,1790,168,41,36,153,160,564,668,174,389,4857,4765,1276,1796,2709,1944,567,2589,1926,1943,3529,2738,2161,51,84
"2011","Watford","E07000103",51469,22,27,2813,111,118,35,534,266,683,1066,220,208,3955,12137,2822,2730,2677,1799,570,3151,3027,2045,3585,7242,2392,43,4
"2011","Welwyn Hatfield","E07000241",68426,104,12,4500,405,170,72,998,534,1081,1240,99,942,4310,16998,3109,2490,4689,1206,690,4873,3666,4123,7062,6840,2637,69,7
"2011","Breckland","E07000143",50487,2379,33,6973,1756,141,135,1126,872,931,2012,119,487,4789,9110,2839,2279,645,791,594,1960,2373,2647,4403,5409,2371,34,252
"2011","Broadland","E07000144",47264,980,33,4471,961,172,165,565,833,683,1092,146,403,5558,8290,1756,2403,1030,2426,922,2123,2021,1573,4114,6930,2026,57,2
"2011","Great Yarmouth","E07000145",39960,347,589,3196,370,75,38,226,701,1046,740,227,275,3052,6988,1743,3887,483,549,340,2301,1647,1324,3565,7250,2176,16,5
"2011","King's Lynn and West Norfolk","E07000146",63513,2230,120,7420,2163,187,348,781,707,1569,1665,253,538,5920,10863,2250,3654,740,1270,773,2194,2663,5536,5529,8873,2482,89,116
"2011","North Norfolk","E07000147",39632,1563,115,4103,1273,139,125,431,526,721,888,218,198,3572,7337,1375,3512,520,663,540,1697,1879,1453,3712,4653,2464,50,8
"2011","Norwich","E07000148",89224,147,71,5814,1127,267,246,828,571,929,1846,160,412,4838,16569,3602,5515,3343,8646,1344,5399,4066,5881,10124,8534,4707,40,12
"2011","South Norfolk","E07000149",54367,1709,69,5011,530,170,319,366,914,1726,986,158,496,5348,7644,1737,2508,1036,1229,783,3440,2021,2731,4760,11246,2372,60,9
"2011","Babergh","E07000200",35722,856,15,5530,669,503,100,582,858,1283,1535,80,227,3650,6634,1376,2273,880,734,369,1945,1722,1190,3374,3189,1617,47,14
"2011","Forest Heath","E07000201",32904,704,11,2810,186,103,290,212,480,734,805,36,161,2535,4648,1089,2576,491,623,354,1516,1501,2675,1751,2472,2852,28,4071
"2011","Ipswich","E07000202",71601,115,19,3395,323,84,46,285,406,748,1503,875,361,5325,12067,4513,3392,1969,5624,892,3030,3398,5051,6407,12053,3080,18,17
"2011","Mid Suffolk","E07000203",41665,1745,36,5568,1863,113,161,588,747,956,1140,275,400,4885,5896,2691,1639,1010,642,414,2201,1908,3043,3493,4110,1631,64,14
"2011","St Edmundsbury","E07000204",58400,959,15,7992,2642,149,207,1208,774,1226,1786,474,347,4220,10409,2464,2897,1205,1291,790,2679,2628,4449,4761,8184,2503,66,67
"2011","Suffolk Coastal","E07000205",54351,1331,37,3216,417,104,93,225,444,1180,753,1151,350,3683,7843,6959,3296,3998,871,642,2335,2108,3798,4944,4892,2816,73,8
"2011","Waveney","E07000206",44953,766,132,5966,1719,100,113,1053,541,522,1918,162,465,4040,8389,1748,3318,504,678,523,2021,2113,2160,4285,5367,2123,22,171
"2011","Camden","E09000007",272367,104,214,4819,468,873,38,371,385,563,2121,586,322,8255,23042,11123,15907,28169,9203,4730,57008,12344,13018,29485,32790,20161,774,313
"2011","City of London","E09000001",356706,81,170,2864,311,198,29,310,307,579,1130,550,212,5723,14242,4832,10980,25299,163425,4857,79487,17386,7105,5532,5835,7919,56,151
"2011","Hackney","E09000012",103604,40,24,3144,331,822,57,135,222,192,1385,84,308,4871,9701,4847,5400,9778,4805,2584,14697,5799,4944,11006,13522,7840,176,34
"2011","Hammersmith and Fulham","E09000013",124530,73,97,2948,551,365,30,372,290,411,929,133,328,4763,16461,4406,7332,22204,3439,2984,14025,6193,6431,9543,13725,8812,548,85
"2011","Haringey","E09000014",81001,34,13,3143,505,842,81,193,251,322,949,119,321,7343,11221,5130,4831,3924,1482,2023,5843,5414,3938,10346,8637,6818,371,50
"2011","Islington","E09000019",167159,70,156,4113,366,711,49,200,335,473,1979,297,656,6803,13992,6579,8259,18172,12392,3658,30545,9480,8603,14416,18548,10029,250,141
"2011","Kensington and Chelsea","E09000020",116546,99,158,1858,301,415,36,200,107,210,589,103,195,3297,20976,2913,11520,8965,5574,4457,11395,5601,3482,8236,14474,10607,1530,1106
"2011","Lambeth","E09000022",137664,83,553,2520,329,272,55,403,303,377,781,431,451,7909,11611,5489,8566,11540,2516,2390,12047,9278,10475,12329,28589,10193,445,249
"2011","Lewisham","E09000023",78895,35,17,1997,211,176,47,137,289,260,877,117,467,6738,9257,3823,4708,3062,2084,1686,4360,4519,5302,11877,12756,5841,188,61
"2011","Newham","E09000025",103887,76,19,3972,1150,469,39,210,296,584,1224,419,1049,11775,15194,7986,6711,2653,2452,2544,4080,8094,6798,13841,11762,4165,260,37
"2011","Southwark","E09000028",183496,67,86,3991,416,300,69,196,468,673,1869,595,425,9193,13949,9439,9584,15960,12084,3744,31811,11760,13430,16917,18706,11431,260,64
"2011","Tower Hamlets","E09000030",234726,91,400,4597,355,841,48,382,470,491,2010,425,414,8239,15163,7857,10269,19241,78316,4064,28335,10285,8935,15730,13735,7865,122,643
"2011","Wandsworth","E09000032",117924,64,74,2734,415,329,86,268,266,460,910,177,356,6966,15383,6248,7124,6559,3336,2882,11635,6557,5402,14003,19350,8072,887,115
"2011","Westminster","E09000033",579739,237,2271,9899,1779,1786,63,1284,854,1520,2613,1864,472,14564,71815,17277,48382,50582,51950,17035,84920,29265,75225,29279,29461,38563,1980,4698
"2011","Barking and Dagenham","E09000002",58444,48,17,6794,532,210,85,648,567,3683,1069,222,793,6928,8677,5040,2447,1051,1191,595,1782,3755,3536,6909,5781,2766,101,11
"2011","Barnet","E09000003",129112,69,39,3240,458,434,67,369,337,467,1108,255,420,11018,21181,5500,6599,5448,3674,3494,11176,6676,6226,17207,17600,8299,857,134
"2011","Bexley","E09000004",74670,114,40,4951,1274,174,177,422,656,736,1512,1095,915,9976,13069,4966,3413,2169,1921,1171,3119,3824,3848,8551,8009,3416,90,13
"2011","Brent","E09000005",115221,55,39,7993,3305,529,82,540,666,979,1892,226,726,12857,19086,8551,6202,4882,2172,2278,6392,7444,4565,11768,14039,5395,475,76
"2011","Bromley","E09000006",111405,175,37,4003,457,227,83,505,473,808,1450,404,490,11280,17933,4885,5017,4219,7522,2018,7475,6075,4973,13113,14817,6694,252,23
"2011","Croydon","E09000008",120398,40,38,3904,288,266,91,428,509,812,1510,257,644,11674,19350,6205,5677,5167,5870,2094,8967,6885,8683,13793,15456,5527,141,26
"2011","Ealing","E09000009",132461,99,122,8911,2967,414,74,632,939,1555,2330,184,646,12904,22971,10570,6752,7946,2470,2325,9498,8421,4952,12861,13870,6442,444,73
"2011","Enfield","E09000010",105493,121,15,4855,1155,591,107,370,763,522,1347,279,852,10593,18662,6412,5322,3556,3087,2301,4928,5788,4716,13440,15077,5250,214,25
"2011","Greenwich","E09000011",86199,58,31,3260,298,161,106,291,483,566,1355,223,588,8168,10498,5216,5156,2852,1716,1551,4142,5002,7246,12594,11983,5715,177,23
"2011","Harrow","E09000015",73804,27,33,3292,652,226,393,431,200,538,852,121,223,8460,11006,3504,3301,3312,2460,1286,7111,3908,2871,9524,8645,4497,203,20
"2011","Havering","E09000016",84726,91,18,4170,371,158,103,697,708,883,1250,235,697,11612,14657,5845,3792,2082,4121,1017,3420,4177,3460,9029,12229,3926,70,78
"2011","Hillingdon","E09000017",164963,104,450,10620,2084,214,77,2361,1180,1960,2744,381,581,10998,23926,35659,10412,7748,2781,1409,7658,11492,8677,14005,12858,4885,159,160
"2011","Hounslow","E09000018",128880,74,482,6747,899,164,65,2140,601,1325,1553,155,588,7587,17732,18061,7306,16456,3582,2066,9017,8364,6023,9239,9214,5720,314,153
"2011","Kingston upon Thames","E09000021",72450,39,46,2468,190,141,36,302,314,509,976,122,235,4388,13331,2283,3621,4097,2751,1005,5108,4874,4014,9626,9491,4735,184,32
"2011","Merton","E09000024",75223,36,85,3582,337,212,72,666,562,482,1251,179,399,7842,11758,4732,3602,3682,2321,1356,5767,5330,3244,7667,7890,5373,344,34
"2011","Redbridge","E09000026",78894,34,17,2771,201,253,61,287,326,681,962,164,213,7899,11810,4882,3712,3085,2525,1566,4747,4347,4577,11147,11351,3874,153,20
"2011","Richmond upon Thames","E09000027",78387,57,85,2404,485,162,41,380,266,351,719,217,291,4015,10106,2893,4763,6613,2807,2034,10542,4843,2958,9366,7114,6825,421,33
"2011","Sutton","E09000029",72286,90,53,2567,159,98,57,261,374,450,1168,165,387,8339,10905,4361,2720,3435,2070,962,4477,5073,3624,7633,12049,3233,125,18
"2011","Waltham Forest","E09000031",79221,56,10,3523,613,481,90,241,419,283,1396,109,641,9641,11864,4897,4191,2191,1805,1425,3725,5750,3788,10150,11131,4121,177,26
"2011","Bracknell Forest","E06000036",59267,122,33,3732,87,64,68,585,255,1682,991,179,157,3702,11612,1844,2421,9059,1411,730,4972,3486,3133,5280,4732,2568,87,7
"2011","Brighton and Hove","E06000043",134345,114,26,3984,352,250,195,444,530,764,1449,1351,489,8111,19555,4924,9129,7242,9289,2585,9442,6689,5887,16951,19434,8955,150,38
"2011","Isle of Wight","E06000046",56591,723,52,5154,151,392,71,301,490,3016,733,202,321,4864,9223,1961,5399,978,764,889,2308,2169,3532,5544,9071,3354,75,8
"2011","Medway","E06000035",98648,310,40,8340,562,249,421,681,1147,3063,2217,1058,1122,11141,15844,4949,4618,2109,3281,1190,3924,4748,6652,11517,13277,4438,82,8
"2011","Milton Keynes","E06000042",143998,272,44,12142,2022,276,341,1186,1782,3860,2675,195,710,7430,32116,8671,6013,9380,8260,1735,9587,7636,5835,14739,12898,6218,50,67
"2011","Portsmouth","E06000044",109456,93,33,10164,218,144,125,631,1394,5468,2184,846,713,7787,15059,5284,6665,3200,2627,1250,3780,5830,15015,10826,15633,4603,31,17
"2011","Reading","E06000038",89115,61,97,3194,217,66,25,404,459,907,1116,502,1974,4735,13968,3892,4248,10118,4761,958,8196,4347,5038,7936,11545,3426,76,43
"2011","Slough","E06000039",74593,42,24,8997,1766,65,93,2202,600,2607,1664,614,577,4646,11914,8790,3202,7942,1431,533,4032,4967,2418,5647,6576,2166,69,6
"2011","Southampton","E06000045",112852,99,78,6161,989,184,68,539,701,2126,1554,764,536,7780,17501,7118,6125,2587,5637,1582,7348,5241,5448,14621,19213,4951,47,15
"2011","West Berkshire","E06000037",87006,786,64,8182,671,131,255,736,2364,2273,1752,732,636,7115,13856,2890,4016,10522,1683,1353,6058,4493,6270,7996,6159,3999,179,17
"2011","Windsor and Maidenhead","E06000040",76112,258,105,4668,526,152,67,1054,394,1108,1367,1139,574,4668,11165,3223,4728,8081,1975,1371,6644,4211,3543,7575,6779,5030,280,95
"2011","Wokingham","E06000041",69107,284,717,4420,180,91,39,433,733,1565,1379,747,374,5287,9111,1925,2867,10261,2087,741,6858,3412,2686,8085,5513,3612,102,18
"2011","Aylesbury Vale","E07000004",75310,1138,24,6114,631,141,163,590,782,1739,2068,133,610,6289,12279,2999,3323,3326,2461,872,4911,3675,5245,8228,9784,3764,124,11
"2011","Chiltern","E07000005",35476,214,25,2707,135,68,46,398,265,560,1235,49,181,2686,5174,960,1571,2399,1096,588,3889,1818,758,4671,4491,2071,122,6
"2011","South Bucks","E07000006",33210,185,42,2827,458,87,53,355,284,860,730,83,184,2597,5024,1604,2843,2558,834,613,3360,1758,985,2777,3012,1819,99,6
"2011","Wycombe","E07000007",80986,344,24,7924,546,149,126,1070,972,2252,2809,170,1103,6523,15445,2907,3509,5715,1967,1301,6863,4082,3915,7878,7235,3909,134,38
"2011","Eastbourne","E07000061",43881,64,2,2110,65,126,31,349,285,491,763,120,196,3184,8825,1520,3122,767,1256,637,1937,1737,1944,4739,9450,2224,44,3
"2011","Hastings","E07000062",36828,87,15,2709,121,69,47,220,380,1033,839,81,187,3495,6037,1264,1922,789,790,531,1592,1290,2993,3444,7845,1716,40,1
"2011","Lewes","E07000063",40055,400,10,2801,188,94,85,331,360,887,856,108,449,3868,5618,1452,2091,1264,694,786,2523,1527,3902,4629,5421,2402,101,9
"2011","Rother","E07000064",32090,629,24,1684,144,91,97,116,401,320,515,85,206,3483,4703,1189,2471,694,1586,528,1854,1551,949,3634,4731,1992,93,4
"2011","Wealden","E07000065",55601,1185,24,4099,232,231,184,408,713,1047,1284,134,409,7137,9320,1709,3364,1689,1270,746,3821,3041,1463,5761,6688,3544,191,6
"2011","Basingstoke and Deane","E07000084",84821,854,83,9018,643,138,549,1380,795,3124,2389,842,428,6784,15820,3486,3553,7324,4018,990,5406,4286,2437,6834,8641,3838,174,5
"2011","East Hampshire","E07000085",48214,740,43,4962,332,111,105,1343,601,1231,1239,184,332,4376,7692,1526,2417,2167,1219,677,3473,3147,2445,5191,4935,2560,122,6
"2011","Eastleigh","E07000086",64219,128,24,7096,501,73,31,293,538,3027,2633,235,270,6136,12787,4494,2856,2555,3720,935,3759,3001,2842,5108,5540,2683,45,5
"2011","Fareham","E07000087",51004,138,20,5465,301,143,32,484,657,2962,886,170,373,4327,8645,3756,2284,2144,1648,507,2733,2403,4796,4756,4705,2087,38,9
"2011","Gosport","E07000088",26652,25,5,3069,110,112,127,179,424,734,1383,90,161,2283,3551,1017,1382,781,370,295,949,1262,3861,2923,3277,1330,17,4
"2011","Hart","E07000089",40079,194,38,2744,100,59,51,172,290,1323,749,57,224,3109,5227,1340,2475,5571,1206,458,2783,2222,4116,3556,2817,1859,76,7
"2011","Havant","E07000090",46667,91,13,5680,93,241,36,839,697,2826,948,1929,420,5085,7605,1526,2325,2016,777,669,2168,2800,1861,4911,4691,2068,31,1
"2011","New Forest","E07000091",75620,922,122,7431,323,123,134,2342,1198,1752,1559,583,657,8123,11963,3103,5575,1872,1710,1298,4619,3557,3074,7336,9295,4212,157,11
"2011","Rushmoor","E07000092",49880,31,50,3850,144,59,44,269,449,1994,891,218,242,3784,7251,2193,2231,5315,1999,522,3997,3439,5981,3848,3145,1738,42,4
"2011","Test Valley","E07000093",57602,883,49,6202,832,155,183,549,837,2115,1531,177,509,4585,10168,2707,2702,2239,2648,792,4137,2779,4349,5063,5077,2399,124,13
"2011","Winchester","E07000094",75566,997,30,4708,558,161,87,309,628,1457,1508,145,533,4635,8790,2852,4037,5169,5150,979,6114,3530,7901,7214,9382,3252,133,15
"2011","Ashford","E07000105",54618,924,29,5035,462,112,194,1229,589,676,1773,284,347,5728,10304,2679,3046,1461,1054,538,3061,2894,1766,4598,8071,2704,92,3
"2011","Canterbury","E07000106",66713,613,29,2868,175,77,232,319,426,830,809,154,310,4976,12056,1938,4399,1598,1619,796,3192,2566,3508,11444,11264,3314,58,11
"2011","Dartford","E07000107",54972,180,37,3369,177,78,94,725,495,646,1154,389,438,7469,14443,3875,2762,1267,1385,741,1961,2794,1158,4034,6851,1779,34,6
"2011","Dover","E07000108",43282,602,24,3179,562,61,156,871,395,469,665,97,284,3674,5853,5056,2601,643,550,410,3268,2189,3020,4301,5477,1997,52,5
"2011","Gravesham","E07000109",32015,175,36,2472,106,69,436,337,565,266,693,136,214,4175,5306,2268,1682,578,786,415,1299,1543,1793,4177,3343,1600,17,0
"2011","Maidstone","E07000110",76795,1020,34,4358,416,125,260,823,684,775,1275,323,499,7788,12217,3403,3872,2037,2467,1011,4393,4188,9026,6327,10393,3346,85,8
"2011","Sevenoaks","E07000111",46402,482,42,3471,211,102,253,412,419,800,1274,177,226,5696,7408,1621,2321,2040,1757,917,4073,2764,1313,4821,4283,2815,173,2
"2011","Folkestone and Hythe","E07000112",44250,496,23,1948,216,55,66,340,362,241,668,1072,508,4199,6478,2635,2718,677,2642,445,1647,3131,3981,4028,5642,1930,38,12
"2011","Swale","E07000113",52439,962,36,6635,704,105,717,1032,1815,1064,1198,192,532,6110,8924,3564,2664,885,868,790,2171,2546,2942,5037,5343,2191,44,3
"2011","Thanet","E07000114",47538,392,8,3506,179,83,64,886,394,913,987,324,236,4569,7890,2097,3014,785,1143,640,1748,1955,1995,6201,8545,2448,41,1
"2011","Tonbridge and Malling","E07000115",60126,459,64,4502,361,95,767,578,533,853,1315,143,1345,6197,11125,3839,2412,2156,3009,705,3618,3509,2542,6093,5628,2687,88,5
"2011","Tunbridge Wells","E07000116",54985,901,22,2765,476,101,67,231,259,427,1204,119,207,3910,10549,1601,2824,2236,4318,921,4352,2708,1348,5641,7699,2735,121,8
"2011","Cherwell","E07000177",71803,844,47,8587,1786,152,192,740,1054,2228,2435,275,523,5659,14133,3452,3052,3218,1665,734,4464,3317,5664,6115,6805,3127,90,32
"2011","Oxford","E07000178",99423,118,14,5339,136,69,30,287,171,3849,797,488,211,3632,10832,3177,5430,6215,1146,1076,8373,3003,4498,23295,17865,4573,92,46
"2011","South Oxfordshire","E07000179",61683,739,77,4178,387,127,142,466,387,1419,1250,231,586,4980,9404,2017,3819,2932,1701,885,7222,3095,4784,6769,4901,3179,168,16
"2011","Vale of White Horse","E07000180",62253,616,128,4941,249,96,74,846,687,1446,1543,533,593,5075,8418,1814,2563,4652,1164,857,8420,2815,4513,7308,4779,2955,92,17
"2011","West Oxfordshire","E07000181",48222,770,61,5129,386,145,222,531,495,1221,2129,87,364,4228,7330,1505,2504,2064,937,746,3279,2194,5432,4445,4093,2938,108,8
"2011","Elmbridge","E07000207",56375,191,77,4499,728,107,19,798,403,1340,1104,113,253,4190,9952,2262,2676,3545,1898,1220,6549,3179,922,5785,5119,3691,246,8
"2011","Epsom and Ewell","E07000208",30223,26,12,638,62,39,21,94,103,124,195,159,163,2832,4596,1209,1358,1084,1507,397,3652,1242,820,3760,4963,1728,67,10
"2011","Guildford","E07000209",77684,263,86,4119,306,112,52,627,394,1673,955,226,414,4815,11336,2162,3869,5391,3066,963,7396,3176,6449,10220,9358,4207,148,20
"2011","Mole Valley","E07000210",46437,336,501,2755,235,85,62,425,442,619,887,142,240,4450,6236,1227,2041,3097,3197,783,5616,2719,1691,4200,4770,2318,114,4
"2011","Reigate and Banstead","E07000211",67831,151,43,3658,158,104,122,824,263,932,1255,519,505,6003,8568,2837,2605,2898,8388,1141,4686,4058,3222,5567,10295,2598,83,6
"2011","Runnymede","E07000212",49802,100,70,3160,123,38,41,496,495,1084,883,1441,254,3357,6262,2558,2458,4591,1394,721,4802,2738,1268,4973,6551,2967,122,15
"2011","Spelthorne","E07000213",41012,44,1287,2423,202,56,38,392,308,827,600,546,299,3818,6845,3552,1963,3587,946,604,2693,2361,1971,3078,3050,1892,45,8
"2011","Surrey Heath","E07000214",43918,99,35,3642,144,52,19,933,429,1076,989,84,390,3509,6573,1436,2112,2817,1507,548,3139,2657,2933,3159,7174,2014,79,11
"2011","Tandridge","E07000215",33114,307,31,1558,92,86,62,146,237,358,577,90,188,4256,5185,1255,1711,1194,1182,476,2448,1706,1028,4290,4158,1945,100,6
"2011","Waverley","E07000216",52153,330,44,2483,139,104,62,380,402,712,684,157,249,4394,8365,1513,2584,3336,1763,845,5326,2805,1048,7351,5853,3464,233,10
"2011","Woking","E07000217",44230,60,108,3246,403,55,17,190,396,1584,601,78,162,3223,6561,2129,2039,3730,1335,514,4509,3349,1837,3483,4364,3378,109,16
"2011","Adur","E07000223",22179,55,38,2642,158,48,45,280,447,809,855,101,394,2574,4098,859,935,619,737,255,1373,922,748,2110,2646,1057,15,1
"2011","Arun","E07000224",49092,842,25,3968,227,119,64,438,718,1413,989,122,534,5090,8805,1989,3855,1163,979,770,2217,2567,1871,4171,7133,2905,81,5
"2011","Chichester","E07000225",61226,1469,38,4888,863,242,127,282,540,1702,1132,69,260,4517,9879,1635,4041,2126,1763,1197,3749,3002,4063,6180,8688,3459,196,7
"2011","Crawley","E07000226",79370,44,269,5675,219,48,28,576,604,2717,1483,974,206,3802,11198,20450,4721,2520,2837,407,4029,7383,4119,4411,4392,1895,30,8
"2011","Horsham","E07000227",56174,1103,43,5377,573,118,127,1143,763,1380,1273,215,402,5278,9458,1896,2782,2649,2447,1136,4308,2978,1358,5543,5576,3489,120,16
"2011","Mid Sussex","E07000228",60745,416,36,3815,182,103,90,385,647,1356,1052,166,415,5149,9407,2132,3152,2784,4142,820,4187,3343,1483,6836,8740,3585,129,8
"2011","Worthing","E07000229",49415,53,8,3596,96,127,17,1395,336,873,752,757,890,3193,7684,1434,2076,1724,2588,736,2527,2035,3185,4046,10575,2273,32,3
"2011","Bath and North East Somerset","E06000022",89861,560,58,5434,467,263,464,434,651,1282,1873,195,1177,5831,13471,2485,6065,5835,2646,1520,6695,3236,5429,11588,12975,4535,118,8
"2011","Bournemouth","E06000028",81141,63,34,2645,164,124,44,258,320,1045,690,108,448,5515,13569,2937,6719,2641,9257,1650,4211,3375,3539,7320,12751,4298,54,7
"2011","Bristol, City of","E06000023",236098,183,51,13550,1910,369,351,962,1956,4872,3130,950,1419,15637,33548,9293,12089,11214,18235,3249,21618,12275,15123,23956,33492,10034,169,13
"2011","Cornwall","E06000052",235859,7265,1486,18402,5201,684,691,1336,2068,3300,5122,765,1771,21571,40970,8472,22473,3930,3455,3270,10905,10331,13787,22751,31543,12420,268,24
"2011","Isles of Scilly","E06000053",1299,73,2,37,6,1,1,0,7,7,15,4,9,98,126,125,348,7,11,27,19,78,69,106,97,60,3,0
"2011","North Somerset","E06000024",83584,898,226,7426,1210,199,380,514,1240,2221,1662,273,881,6845,15055,4856,4773,2686,2101,1365,4720,3953,4348,7469,11514,4120,70,5
"2011","Plymouth","E06000026",121963,159,70,10625,910,217,83,384,1170,4967,2894,938,532,8221,18001,6189,6525,2387,3046,1817,5134,4731,14511,14278,19526,5204,59,10
"2011","Poole","E06000029",78847,119,24,10030,1258,194,61,816,1680,4539,1482,418,543,6334,13469,3014,3635,2369,4841,1262,3490,3230,3517,7363,11142,3967,74,6
"2011","South Gloucestershire","E06000025",141998,795,245,13559,1277,403,425,1122,1788,6293,2251,1052,1157,12492,22090,7683,5597,7382,7410,1447,7806,7141,13725,12829,14848,4603,124,13
"2011","Swindon","E06000030",108642,236,67,12928,271,205,127,1879,945,7290,2211,1594,1087,7602,19853,7463,4799,4929,6945,993,6476,6079,3854,8119,10842,4694,74,8
"2011","Torbay","E06000027",52544,281,22,2416,259,120,35,559,256,655,532,181,323,4360,8977,1647,5675,754,1003,902,2120,1988,2373,5375,11180,2924,37,6
"2011","Wiltshire","E06000054",222448,4073,174,20409,2495,564,506,3253,2617,5028,5946,646,1519,16723,33418,7471,12398,8303,5824,3093,14368,10117,29510,20382,23488,10006,472,54
"2011","East Devon","E07000040",53997,1876,62,3684,378,514,182,157,498,862,1093,142,416,5260,9114,3145,4286,1156,1286,648,2687,2283,4089,4509,6244,3003,97,10
"2011","Exeter","E07000041",83220,176,35,3353,235,151,90,256,548,1128,945,1749,1268,5105,12876,3481,4256,2633,2252,1504,6739,3418,7646,9356,13801,3530,31,11
"2011","Mid Devon","E07000042",30331,2320,44,3787,923,527,190,279,590,661,617,67,165,3061,5434,1504,1461,537,395,345,1487,1217,819,2896,3350,1383,55,4
"2011","North Devon","E07000043",47704,1939,37,5327,242,230,305,1096,804,1422,1228,167,356,3840,8404,1404,4551,635,699,582,1984,1970,2802,4252,6594,2106,52,3
"2011","South Hams","E07000044",43382,1508,123,4499,388,137,214,518,565,1304,1373,163,227,3781,6916,1754,3576,1570,665,771,2292,1909,3479,3611,4271,2191,69,7
"2011","Teignbridge","E07000045",50050,978,317,4588,559,298,103,495,814,1255,1064,136,377,5369,9411,1765,3890,1007,842,735,2707,2189,2239,4436,6289,2689,76,10
"2011","Torridge","E07000046",24610,2172,29,2806,371,65,91,316,533,759,671,54,135,2728,3945,805,1629,323,328,336,1183,1040,635,2292,2959,1173,37,1
"2011","West Devon","E07000047",21560,1462,53,1712,707,43,62,105,173,192,430,45,204,1997,3396,845,2147,406,355,307,1044,791,1084,2066,2455,1148,41,2
"2011","Christchurch","E07000048",20702,81,14,2602,50,53,37,162,291,1368,641,33,129,1885,3774,1377,1439,748,379,459,1220,884,743,1649,2232,1036,13,5
"2011","East Dorset","E07000049",33977,509,47,4141,252,72,85,438,866,1383,1045,150,287,3981,6298,978,1661,945,1005,639,1941,1770,1267,2953,3453,1891,58,3
"2011","North Dorset","E07000050",30265,1195,21,3203,702,98,77,198,500,827,801,44,204,3135,4492,901,1301,629,439,451,1449,1188,3504,3702,2726,1604,70,7
"2011","Purbeck","E07000051",20220,457,217,1965,115,49,45,187,505,620,444,52,248,1772,2117,619,1895,465,253,306,1287,870,2896,1767,1661,1344,29,0
"2011","West Dorset","E07000052",52101,1925,64,4973,930,330,104,178,888,1304,1239,72,336,4134,7722,1080,3621,956,721,962,2538,2161,4318,5099,8744,2551,116,8
"2011","Weymouth and Portland","E07000053",21283,99,49,915,76,35,9,30,196,386,183,61,121,1925,4117,965,2424,304,267,281,877,766,1859,2315,2674,1236,24,4
"2011","Cheltenham","E07000078",63483,87,26,5067,442,108,173,253,827,2261,1003,127,216,3471,10520,1266,3915,2580,2826,844,4145,2815,7150,6664,8822,2849,41,52
"2011","Cotswold","E07000079",43391,1346,168,3419,232,93,128,198,740,973,1055,111,276,3644,7501,1156,3871,1670,1359,858,3529,2029,1573,4641,3585,2424,211,20
"2011","Forest of Dean","E07000080",30458,973,58,4470,892,79,464,559,913,787,776,110,309,3307,4119,1146,1427,724,566,419,1422,1459,1292,3629,3565,1428,35,0
"2011","Gloucester","E07000081",63844,80,22,4530,626,147,72,489,964,1019,1213,2012,339,4644,10793,2499,2572,1800,3918,731,2866,2514,5313,5742,11045,2391,25,8
"2011","Stroud","E07000082",50092,777,278,8209,935,311,159,546,1304,3325,1629,547,646,4850,7048,1861,2561,1638,972,551,3344,2120,1532,5167,5558,2372,52,9
"2011","Tewkesbury","E07000083",46180,657,69,8644,367,142,139,807,1168,4452,1569,182,387,3777,6086,1901,2286,1919,3344,426,2937,2114,2747,3090,3978,1561,41,34
"2011","Mendip","E07000187",49267,1460,444,5053,1338,801,240,385,666,539,1084,61,359,4525,9642,2003,3148,1596,726,637,2636,1942,1525,5776,5002,2636,89,7
"2011","Sedgemoor","E07000188",46639,1067,75,5898,1933,258,197,772,802,689,1247,211,475,4551,9298,2362,3251,755,691,467,1979,1861,1625,4861,5138,2033,38,3
"2011","South Somerset","E07000189",77724,2087,61,13677,2078,509,153,522,1549,7226,1640,184,457,6247,13109,2681,3656,1642,1002,866,3399,3036,6220,6542,9347,3372,108,31
"2011","Taunton Deane","E07000190",59898,935,11,3815,598,201,137,538,525,534,1282,271,649,4103,10399,1585,2723,1305,1443,672,3700,2384,5949,5781,11474,2643,47,9
"2011","West Somerset","E07000191",14929,860,15,834,98,53,200,110,81,94,198,797,204,1173,2183,358,2322,213,176,233,541,734,396,1231,1694,919,45,1
"2011","Isle of Anglesey","W06000001",24405,912,28,2137,699,41,16,226,345,353,457,866,214,2408,3592,1398,1953,264,233,267,809,849,2222,2392,2754,1094,13,0
"2011","Gwynedd","W06000002",57626,1867,254,3211,785,125,136,457,369,379,960,589,662,5197,8431,1834,5390,1263,687,632,2057,1920,3727,7517,9266,3090,23,9
"2011","Conwy","W06000003",45201,1025,82,1668,212,111,44,162,310,365,464,270,329,4003,8010,1556,4894,754,721,692,2017,1649,3378,4710,7055,2362,25,1
"2011","Denbighshire","W06000004",41357,953,46,3423,364,100,153,232,435,1182,957,138,220,3255,5742,1354,2946,656,686,607,1560,1476,2900,4042,9290,2040,18,5
"2011","Flintshire","W06000005",72020,691,193,18958,2182,290,1397,1897,2461,7296,3435,557,860,5992,11358,2896,3538,1603,1611,518,3138,3249,2951,5548,5883,2453,18,5
"2011","Wrexham","W06000006",60837,847,39,11261,2301,264,960,1587,1371,2786,1992,603,648,3970,9722,2580,2724,890,996,477,2066,2566,3686,5462,9755,2521,22,2
"2011","Powys","W06000023",60142,5439,184,5816,900,334,407,464,1113,1396,1202,234,505,5644,9364,2091,4267,947,781,659,2631,2275,3717,5297,7307,2916,65,3
"2011","Ceredigion","W06000008",32426,2302,40,1574,502,59,82,189,149,122,471,113,230,2729,4790,994,2664,519,405,364,1449,909,1878,5096,4422,1935,10,3
"2011","Pembrokeshire","W06000009",52951,2533,218,3967,379,132,82,1583,743,441,607,432,364,5711,8272,2177,4795,617,662,614,2011,1904,3845,4898,7211,2688,27,5
"2011","Carmarthenshire","W06000010",73870,3299,126,7150,1626,211,174,449,1982,1778,930,262,545,6802,13002,2871,4160,1091,1081,789,2560,2373,5799,7254,11445,3218,40,3
"2011","Swansea","W06000011",110469,401,67,6226,564,130,176,969,1714,1153,1520,407,894,7109,18042,4279,6891,3500,4732,1579,4584,4657,11813,12072,18231,4928,46,11
"2011","Neath Port Talbot","W06000012",51434,236,620,9793,214,143,379,528,6507,988,1034,330,532,4861,7445,2205,2552,591,737,604,1456,2015,3566,4597,7101,2174,17,2
"2011","Bridgend","W06000013",60466,228,103,8436,241,311,335,703,1465,3364,2017,225,672,4996,10012,2105,3216,1616,1630,561,1923,2341,6202,5345,8496,2328,29,2
"2011","Vale of Glamorgan","W06000014",45574,404,63,3915,153,64,68,990,509,885,1246,478,186,3935,6310,2254,2972,1101,916,616,1937,2036,3868,5070,7337,2143,30,3
"2011","Cardiff","W06000015",199702,131,71,9527,1761,290,99,749,1877,1568,3183,3161,1499,12076,30359,7162,12293,7510,13007,2842,13993,8561,18407,22087,26182,10742,63,29
"2011","Rhondda Cynon Taff","W06000016",82073,195,198,10703,596,259,180,2058,1068,2261,4281,405,875,8731,12512,3203,4246,1170,1459,931,2386,3261,4908,9747,13695,3425,21,2
"2011","Merthyr Tydfil","W06000024",24856,43,40,3313,1035,56,33,205,461,654,869,61,198,1984,4175,746,1205,696,369,314,592,1041,2085,2065,5044,876,7,2
"2011","Caerphilly","W06000018",58647,183,163,10900,1354,440,617,1828,1475,2505,2681,237,1149,5514,8668,2187,2983,808,1185,564,2063,3019,3864,5983,6819,2345,10,3
"2011","Blaenau Gwent","W06000019",22021,70,53,4312,637,160,79,679,519,1568,670,84,351,1856,3586,830,1105,165,332,268,456,808,1457,2292,3126,857,13,0
"2011","Torfaen","W06000020",38863,92,21,6269,1009,155,106,364,891,2619,1125,194,322,3386,5780,1387,1631,730,982,967,1098,1375,4593,3341,5165,1503,24,3
"2011","Monmouthshire","W06000021",38064,1231,50,3606,652,93,158,125,879,1007,692,87,279,3264,6740,1256,2519,1053,752,520,1998,1424,1768,3524,6086,1865,39,3
"2011","Newport","W06000022",73360,235,38,8620,1552,108,228,504,2763,2028,1437,831,633,4593,11878,3183,4457,2119,3914,1151,2763,3062,6306,5674,11414,2457,25,7
