"date","geography","geography code","Religion: All categories: Religion; measures: Value","Religion: Christian; measures: Value","Religion: Buddhist; measures: Value","Religion: Hindu; measures: Value","Religion: Jewish; measures: Value","Religion: Muslim; measures: Value","Religion: Sikh; measures: Value","Religion: Other religion; measures: Value","Religion: No religion; measures: Value","Religion: Religion not stated; measures: Value"
"2011","Darlington","E06000005",52096,34913,157,201,21,419,191,155,13060,2979
"2011","County Durham","E06000047",196872,139524,442,337,89,1004,383,634,43595,10864
"2011","Hartlepool","E06000001",34197,23988,76,77,6,261,56,88,7676,1969
"2011","Middlesbrough","E06000002",62839,41932,159,308,23,2194,192,155,14273,3603
"2011","Northumberland","E06000057",123686,83132,272,181,73,685,246,397,31323,7377
"2011","Redcar and Cleveland","E06000003",45844,31691,97,64,7,429,52,150,10574,2780
"2011","Stockton-on-Tees","E06000004",86322,58865,189,285,37,1467,235,209,20180,4855
"2011","Gateshead","E08000037",91882,60674,251,358,555,1014,266,269,23616,4879
"2011","Newcastle upon Tyne","E08000021",169652,102933,658,1336,276,3871,567,583,49630,9798
"2011","North Tyneside","E08000022",84221,52561,226,328,60,866,223,288,24853,4816
"2011","South Tyneside","E08000023",50317,34928,111,131,32,797,219,127,11252,2720
"2011","Sunderland","E08000024",126089,87287,250,406,52,1205,432,301,29795,6361
"2011","Blackburn with Darwen","E06000008",64522,39368,166,319,43,10016,67,196,11021,3326
"2011","Blackpool","E06000009",63189,42707,263,276,125,643,46,280,15020,3829
"2011","Cheshire East","E06000049",182026,120087,500,773,302,1657,170,606,46703,11228
"2011","Cheshire West and Chester","E06000050",158249,107948,461,404,151,969,138,517,38007,9654
"2011","Halton","E06000006",57420,42127,117,188,48,346,57,141,11477,2919
"2011","Warrington","E06000007",114983,80752,312,548,147,1279,159,361,25163,6262
"2011","Allerdale","E07000026",40513,29921,107,31,10,125,9,116,7786,2408
"2011","Barrow-in-Furness","E07000027",31302,21585,86,61,12,117,6,95,7484,1856
"2011","Carlisle","E07000028",56652,38594,172,129,18,242,20,174,13642,3661
"2011","Copeland","E07000029",34640,26601,81,66,12,131,5,84,5756,1904
"2011","Eden","E07000030",28783,19779,88,64,16,99,4,95,6616,2022
"2011","South Lakeland","E07000031",52022,34026,241,35,32,156,11,244,13565,3712
"2011","Bolton","E08000001",114946,75247,305,2309,210,8250,70,370,22092,6093
"2011","Bury","E08000002",73437,47152,242,403,2354,3625,84,231,15255,4091
"2011","Manchester","E08000003",319745,178385,1828,3817,2624,23567,1139,1344,87416,19625
"2011","Oldham","E08000004",89047,56795,212,754,195,8126,63,223,17727,4952
"2011","Rochdale","E08000005",79184,49752,201,341,232,6798,38,230,17180,4412
"2011","Salford","E08000006",113752,72535,479,1043,2415,3424,247,391,26691,6527
"2011","Stockport","E08000007",125903,77468,452,784,524,4015,228,466,34397,7569
"2011","Tameside","E08000008",79528,50896,267,1102,116,2627,57,249,19677,4537
"2011","Trafford","E08000009",129951,82162,505,1004,952,4973,480,406,31826,7643
"2011","Wigan","E08000010",117725,89394,347,488,77,1409,66,283,19676,5985
"2011","Burnley","E07000117",37472,24112,112,124,13,2831,16,140,8054,2070
"2011","Chorley","E07000118",41674,30432,126,174,28,621,29,149,7783,2332
"2011","Fylde","E07000119",42934,29495,133,248,117,460,42,135,9746,2558
"2011","Hyndburn","E07000120",31172,20654,75,78,14,2394,22,118,6097,1720
"2011","Lancaster","E07000121",58893,38437,252,160,50,551,58,310,15177,3898
"2011","Pendle","E07000122",34602,20482,118,45,16,3107,12,131,8686,2005
"2011","Preston","E07000123",87088,57125,228,1544,61,5439,320,326,17403,4642
"2011","Ribble Valley","E07000124",29815,22016,59,99,9,638,16,88,5203,1687
"2011","Rossendale","E07000125",24266,15657,75,47,44,772,10,94,6142,1425
"2011","South Ribble","E07000126",49069,35333,115,327,23,884,62,127,9530,2668
"2011","West Lancashire","E07000127",49510,37229,111,155,36,305,44,127,8954,2549
"2011","Wyre","E07000128",37730,27056,100,95,28,256,17,143,7831,2204
"2011","Knowsley","E08000011",57202,45039,121,241,51,339,36,95,8359,2921
"2011","Liverpool","E08000012",235801,170090,924,1318,839,3762,261,631,44738,13238
"2011","Sefton","E08000014",102777,76434,258,307,211,707,65,256,18539,6000
"2011","St. Helens","E08000013",64928,50147,165,219,56,484,46,173,10329,3309
"2011","Wirral","E08000015",112249,77861,391,351,128,737,130,359,25371,6921
"2011","East Riding of Yorkshire","E06000011",133512,86732,354,229,99,753,78,433,35619,9215
"2011","Kingston upon Hull, City of","E06000010",124406,71535,376,384,120,1668,189,438,41479,8217
"2011","North East Lincolnshire","E06000012",71067,43419,185,225,25,568,113,291,21455,4786
"2011","North Lincolnshire","E06000013",76797,50435,207,248,36,975,286,229,19309,5072
"2011","York","E06000014",102927,60515,532,514,114,881,106,447,32316,7502
"2011","Craven","E07000163",27277,17381,59,51,16,514,20,131,7255,1850
"2011","Hambleton","E07000164",48641,33533,98,84,28,251,27,155,11371,3094
"2011","Harrogate","E07000165",82129,53448,276,206,202,662,112,320,21515,5388
"2011","Richmondshire","E07000166",27802,18696,168,271,12,156,17,87,6555,1840
"2011","Ryedale","E07000167",25988,17938,63,20,8,89,4,100,5925,1841
"2011","Scarborough","E07000168",46119,29868,146,93,20,281,10,213,12323,3165
"2011","Selby","E07000169",35476,24328,78,38,25,201,42,88,8425,2251
"2011","Barnsley","E08000016",82962,55549,163,221,37,754,143,261,20761,5073
"2011","Doncaster","E08000017",127557,83983,319,484,51,1734,462,432,32109,7983
"2011","Rotherham","E08000018",107716,69996,213,328,42,2642,216,333,27361,6585
"2011","Sheffield","E08000019",261340,143595,1006,1432,305,9766,512,1057,87218,16449
"2011","Bradford","E08000032",213515,112587,548,2429,232,29175,2582,855,52467,12640
"2011","Calderdale","E08000033",94704,53591,302,472,94,4635,400,401,28558,6251
"2011","Kirklees","E08000034",166882,93551,422,782,112,14671,1371,607,45065,10301
"2011","Leeds","E08000035",409815,229194,1442,3860,2688,16928,4356,1581,124205,25561
"2011","Wakefield","E08000036",151142,97788,346,547,109,3373,333,536,39163,8947
"2011","Derby","E06000015",123890,68164,421,1240,76,4756,3772,584,36983,7894
"2011","Leicester","E06000016",163224,67515,571,21121,191,15563,6877,1016,41426,8944
"2011","Nottingham","E06000018",174216,85596,888,2260,317,7050,2127,939,62860,12179
"2011","Rutland","E06000017",18293,11992,64,65,33,113,23,88,4677,1238
"2011","Amber Valley","E07000032",55025,32428,140,136,31,389,209,295,17618,3779
"2011","Bolsover","E07000033",29342,18189,64,82,12,170,68,89,8755,1913
"2011","Chesterfield","E07000034",51786,32260,150,198,24,450,105,226,14978,3395
"2011","Derbyshire Dales","E07000035",36196,23764,93,47,22,251,70,164,9367,2418
"2011","Erewash","E07000036",42970,24236,96,226,25,295,198,177,14814,2903
"2011","High Peak","E07000037",35791,22342,149,66,31,240,14,165,10326,2458
"2011","North East Derbyshire","E07000038",31416,19845,60,136,19,353,60,91,8796,2056
"2011","South Derbyshire","E07000039",33980,21103,107,129,18,371,413,138,9531,2170
"2011","Blaby","E07000129",51967,27334,129,2671,51,1411,1139,233,15893,3106
"2011","Charnwood","E07000130",67856,37053,212,3159,62,1452,631,304,20882,4101
"2011","Harborough","E07000131",42180,25407,117,1033,39,733,441,151,11672,2587
"2011","Hinckley and Bosworth","E07000132",42514,25783,95,733,26,515,352,177,12213,2620
"2011","Melton","E07000133",22107,14075,79,430,9,176,120,97,5772,1349
"2011","North West Leicestershire","E07000134",53711,32311,132,630,26,595,492,259,15959,3307
"2011","Oadby and Wigston","E07000135",21125,10241,59,1819,21,1027,1000,101,5638,1219
"2011","Boston","E07000136",31094,22055,63,124,13,205,24,104,6506,2000
"2011","East Lindsey","E07000137",51693,34357,108,84,28,219,49,237,13011,3600
"2011","Lincoln","E07000138",55050,33648,173,250,33,395,59,283,16498,3711
"2011","North Kesteven","E07000139",45839,30843,98,95,31,151,27,204,11461,2929
"2011","South Holland","E07000140",38861,27746,66,118,27,273,36,126,7904,2565
"2011","South Kesteven","E07000141",57223,38689,156,274,44,393,66,240,13603,3758
"2011","West Lindsey","E07000142",31075,20962,74,39,12,97,31,141,7649,2070
"2011","Corby","E07000150",30883,18051,79,244,20,278,160,104,10057,1890
"2011","Daventry","E07000151",38650,23912,148,375,35,495,278,161,10791,2455
"2011","East Northamptonshire","E07000152",31128,18664,93,206,34,279,89,143,9548,2072
"2011","Kettering","E07000153",42290,24567,143,562,32,402,383,228,13295,2678
"2011","Northampton","E07000154",118778,68095,512,2468,164,2821,717,646,35853,7502
"2011","South Northamptonshire","E07000155",34323,21261,112,222,42,384,113,127,9671,2391
"2011","Wellingborough","E07000156",34351,19625,112,811,20,541,113,201,10698,2230
"2011","Ashfield","E07000170",53093,30465,139,312,24,382,189,228,17980,3374
"2011","Bassetlaw","E07000171",51829,35823,110,133,27,427,74,173,11785,3277
"2011","Broxtowe","E07000172",38833,20807,139,318,45,510,345,147,13820,2702
"2011","Gedling","E07000173",36897,20207,104,162,39,499,302,154,12957,2473
"2011","Mansfield","E07000174",40987,24438,91,150,16,244,108,180,13195,2565
"2011","Newark and Sherwood","E07000175",50938,32730,125,147,33,318,83,198,13945,3359
"2011","Rushcliffe","E07000176",45942,25374,155,437,84,715,342,197,15535,3103
"2011","Herefordshire, County of","E06000019",87169,57130,331,193,55,299,73,528,21833,6727
"2011","Shropshire","E06000051",145002,96155,436,325,75,852,330,630,36050,10149
"2011","Stoke-on-Trent","E06000021",114156,72878,399,707,42,3711,300,446,28908,6765
"2011","Telford and Wrekin","E06000020",83177,51500,235,670,30,1173,1314,437,22538,5280
"2011","Cannock Chase","E07000192",38814,26316,88,135,9,303,304,144,9225,2290
"2011","East Staffordshire","E07000193",59222,37797,174,291,31,1982,356,242,14743,3606
"2011","Lichfield","E07000194",44755,29529,119,169,23,555,317,137,11271,2635
"2011","Newcastle-under-Lyme","E07000195",49280,31530,217,253,28,721,119,217,13075,3120
"2011","South Staffordshire","E07000196",36453,24861,89,252,3,334,574,143,7956,2241
"2011","Stafford","E07000197",67178,44569,260,530,29,726,399,300,16297,4068
"2011","Staffordshire Moorlands","E07000198",34851,24271,82,72,13,266,34,127,7714,2272
"2011","Tamworth","E07000199",30315,19129,73,157,10,266,192,123,8582,1783
"2011","North Warwickshire","E07000218",39558,25527,92,361,20,820,429,145,9852,2312
"2011","Nuneaton and Bedworth","E07000219",45300,28264,179,724,16,1087,1122,229,11013,2666
"2011","Rugby","E07000220",47452,29133,196,1108,29,638,511,186,12529,3122
"2011","Stratford-on-Avon","E07000221",63398,41077,210,351,79,599,469,290,16149,4174
"2011","Warwick","E07000222",77726,45413,288,1195,112,1194,2846,357,21394,4927
"2011","Birmingham","E08000025",488095,261088,1985,11378,806,51500,18418,3094,110123,29703
"2011","Coventry","E08000026",148246,83149,432,4560,143,6007,6747,841,37596,8771
"2011","Dudley","E08000027",123197,79514,325,1144,44,3489,2294,556,28446,7385
"2011","Sandwell","E08000028",125467,72538,301,3083,34,6011,10415,927,25007,7151
"2011","Solihull","E08000029",99967,61664,296,1893,133,4100,2216,387,23379,5899
"2011","Walsall","E08000030",105000,64971,261,2012,29,4877,4566,665,21642,5977
"2011","Wolverhampton","E08000031",108004,64307,480,3094,41,2707,7378,1103,22566,6328
"2011","Bromsgrove","E07000234",39055,25137,122,165,27,588,335,160,10048,2473
"2011","Malvern Hills","E07000235",31181,20059,90,73,17,255,52,184,8254,2197
"2011","Redditch","E07000236",39031,24594,89,238,27,1031,294,146,10262,2350
"2011","Worcester","E07000237",53214,33767,203,233,36,928,165,268,14248,3366
"2011","Wychavon","E07000238",54092,36570,173,117,28,534,315,243,12544,3568
"2011","Wyre Forest","E07000239",37393,25056,97,95,14,257,149,180,9155,2390
"2011","Bedford","E06000055",74527,43966,298,1191,90,2287,1318,711,20046,4620
"2011","Central Bedfordshire","E06000056",98170,57961,368,1108,256,2055,479,466,29035,6442
"2011","Luton","E06000032",89954,49161,353,2799,307,10140,1082,506,20199,5407
"2011","Peterborough","E06000031",101167,60664,283,1182,83,4545,489,376,27116,6429
"2011","Southend-on-Sea","E06000033",72074,39855,443,659,635,1164,99,409,23552,5258
"2011","Thurrock","E06000034",64202,39326,251,748,130,1271,586,219,17799,3872
"2011","Cambridge","E07000008",94190,46869,913,1216,381,1847,193,536,34628,7607
"2011","East Cambridgeshire","E07000009",31112,19060,126,75,36,176,51,147,9135,2306
"2011","Fenland","E07000010",38156,24860,100,160,36,414,78,156,9723,2629
"2011","Huntingdonshire","E07000011",77355,45974,297,421,92,919,185,354,23828,5285
"2011","South Cambridgeshire","E07000012",74393,40783,337,639,155,762,139,368,25554,5656
"2011","Basildon","E07000066",82802,48496,323,903,247,1069,203,361,25761,5439
"2011","Braintree","E07000067",57625,33991,193,289,100,422,58,257,18240,4075
"2011","Brentwood","E07000068",33868,21427,149,452,174,554,134,136,8572,2270
"2011","Castle Point","E07000069",25388,15161,89,162,65,256,33,116,7735,1771
"2011","Chelmsford","E07000070",82621,49349,317,662,208,886,150,387,25152,5510
"2011","Colchester","E07000071",83688,48084,444,573,122,782,103,461,27400,5719
"2011","Epping Forest","E07000072",47610,28265,201,736,1179,1225,373,214,12082,3335
"2011","Harlow","E07000073",39814,22013,167,516,186,926,98,198,13175,2535
"2011","Maldon","E07000074",23037,14075,74,56,36,157,17,95,6787,1740
"2011","Rochford","E07000075",26660,15618,67,155,94,192,23,120,8566,1825
"2011","Tendring","E07000076",44323,26509,156,176,48,218,27,220,13838,3131
"2011","Uttlesford","E07000077",40286,24569,194,232,120,447,62,170,11625,2867
"2011","Broxbourne","E07000095",38867,23932,164,488,259,1083,106,141,10116,2578
"2011","Dacorum","E07000096",66247,36918,326,1252,435,1822,214,342,20328,4610
"2011","East Hertfordshire","E07000242",58180,34771,265,462,239,655,100,250,17378,4060
"2011","Hertsmere","E07000098",46377,24065,406,2023,4004,1512,172,344,10509,3342
"2011","North Hertfordshire","E07000099",52441,28911,276,545,155,708,876,293,17027,3650
"2011","St Albans","E07000240",61531,35129,393,1285,806,2156,219,296,17000,4247
"2011","Stevenage","E07000243",44839,24198,234,732,167,973,402,280,14836,3017
"2011","Three Rivers","E07000102",35393,20081,167,1562,585,956,202,234,9280,2326
"2011","Watford","E07000103",51469,27600,365,3125,813,3177,412,385,12296,3296
"2011","Welwyn Hatfield","E07000241",68426,38254,442,1702,611,1827,385,393,20255,4557
"2011","Breckland","E07000143",50487,30863,132,77,49,217,36,275,15178,3660
"2011","Broadland","E07000144",47264,27088,153,184,52,207,42,254,15894,3390
"2011","Great Yarmouth","E07000145",39960,23561,131,190,38,245,18,164,12918,2695
"2011","King's Lynn and West Norfolk","E07000146",63513,41097,201,227,53,277,56,290,16986,4326
"2011","North Norfolk","E07000147",39632,24506,142,36,34,102,20,263,11616,2913
"2011","Norwich","E07000148",89224,45208,503,401,121,679,91,590,35017,6614
"2011","South Norfolk","E07000149",54367,31960,219,208,56,294,33,287,17479,3831
"2011","Babergh","E07000200",35722,21259,106,59,38,202,21,149,11282,2606
"2011","Forest Heath","E07000201",32904,20408,127,98,62,213,17,176,9372,2431
"2011","Ipswich","E07000202",71601,39102,294,464,50,1025,175,399,25174,4918
"2011","Mid Suffolk","E07000203",41665,25064,118,63,40,208,19,178,12694,3281
"2011","St Edmundsbury","E07000204",58400,35209,189,183,58,318,44,251,18276,3872
"2011","Suffolk Coastal","E07000205",54351,31896,194,363,50,321,48,277,17236,3966
"2011","Waveney","E07000206",44953,26235,170,76,25,188,13,222,14816,3208
"2011","Camden","E09000007",272367,120517,2921,8747,7571,15335,1813,1840,85913,27710
"2011","City of London","E09000001",356706,184729,3060,13240,5774,12379,3246,1925,103275,29078
"2011","Hackney","E09000012",103604,42941,1161,2264,4369,9226,834,660,32887,9262
"2011","Hammersmith and Fulham","E09000013",124530,62502,1468,4262,1184,8223,1339,762,34855,9935
"2011","Haringey","E09000014",81001,39746,944,2540,1816,8997,365,596,19294,6703
"2011","Islington","E09000019",167159,75153,1793,4744,2652,10004,1155,1031,54283,16344
"2011","Kensington and Chelsea","E09000020",116546,61059,1711,3210,1625,7853,685,688,29678,10037
"2011","Lambeth","E09000022",137664,72154,1360,3881,850,7822,631,882,39003,11081
"2011","Lewisham","E09000023",78895,41832,861,2176,257,4400,356,511,22023,6479
"2011","Newham","E09000025",103887,50556,793,7662,459,18802,2483,461,16019,6652
"2011","Southwark","E09000028",183496,93222,1856,5157,1458,10111,1215,1123,54599,14755
"2011","Tower Hamlets","E09000030",234726,106270,2047,10580,2705,24682,2522,1265,63003,21652
"2011","Wandsworth","E09000032",117924,63100,1200,3947,619,7474,531,650,31264,9139
"2011","Westminster","E09000033",579739,285856,6344,18708,10811,31617,4314,3395,170116,48578
"2011","Barking and Dagenham","E09000002",58444,33134,318,2162,290,5325,1399,217,12123,3476
"2011","Barnet","E09000003",129112,59839,1503,9116,14046,9275,649,1421,23132,10131
"2011","Bexley","E09000004",74670,44348,500,1466,88,1974,1395,295,19578,5026
"2011","Brent","E09000005",115221,53041,1521,19434,2294,12498,1339,1520,16020,7554
"2011","Bromley","E09000006",111405,65411,648,2165,321,3118,473,504,30390,8375
"2011","Croydon","E09000008",120398,67827,916,6484,303,7037,582,822,27792,8635
"2011","Ealing","E09000009",132461,62458,1462,13639,719,12528,8990,976,23080,8609
"2011","Enfield","E09000010",105493,59306,755,4075,1585,10707,477,721,20142,7725
"2011","Greenwich","E09000011",86199,46790,1036,3037,216,4401,1362,450,22593,6314
"2011","Harrow","E09000015",73804,32617,782,14698,3176,5757,1006,1375,9806,4587
"2011","Havering","E09000016",84726,51978,404,1713,538,2869,915,313,20549,5447
"2011","Hillingdon","E09000017",164963,84749,1549,12711,1006,10916,10472,1102,32420,10038
"2011","Hounslow","E09000018",128880,61740,1459,9926,615,9795,8177,816,27947,8405
"2011","Kingston upon Thames","E09000021",72450,38809,776,2992,344,3227,561,430,19977,5334
"2011","Merton","E09000024",75223,42073,638,3638,285,4580,251,371,18188,5199
"2011","Redbridge","E09000026",78894,36377,514,6184,2690,10928,4349,427,12484,4941
"2011","Richmond upon Thames","E09000027",78387,41553,784,2209,518,2803,1022,448,22953,6097
"2011","Sutton","E09000029",72286,42034,554,2624,191,2661,208,338,18608,5068
"2011","Waltham Forest","E09000031",79221,41035,638,2457,640,12500,830,376,15240,5505
"2011","Bracknell Forest","E06000036",59267,34066,486,1281,131,897,477,280,17843,3806
"2011","Brighton and Hove","E06000043",134345,56922,1415,948,1042,2069,179,1369,59251,11150
"2011","Isle of Wight","E06000046",56591,32164,220,155,59,218,24,424,18895,4432
"2011","Medway","E06000035",98648,57477,478,1191,84,1607,1498,563,29291,6459
"2011","Milton Keynes","E06000042",143998,78159,690,3583,342,4300,867,761,46321,8975
"2011","Portsmouth","E06000044",109456,60470,498,621,120,1733,203,607,37667,7537
"2011","Reading","E06000038",89115,47329,832,2924,187,3711,1004,448,26669,6011
"2011","Slough","E06000039",74593,36705,503,4122,160,7795,5906,363,14681,4358
"2011","Southampton","E06000045",112852,61036,587,1117,136,2463,1250,684,37734,7845
"2011","West Berkshire","E06000037",87006,52429,337,1008,144,900,291,417,25725,5755
"2011","Windsor and Maidenhead","E06000040",76112,44507,496,1753,268,2970,1692,351,19030,5045
"2011","Wokingham","E06000041",69107,39144,411,1413,203,1630,671,291,20581,4763
"2011","Aylesbury Vale","E07000004",75310,45169,329,765,166,2195,187,342,21038,5119
"2011","Chiltern","E07000005",35476,20976,171,552,204,939,218,191,9639,2586
"2011","South Bucks","E07000006",33210,19401,229,920,163,1125,980,143,8036,2213
"2011","Wycombe","E07000007",80986,46043,448,1341,216,4299,588,412,22242,5397
"2011","Eastbourne","E07000061",43881,24824,263,269,56,510,30,314,14252,3363
"2011","Hastings","E07000062",36828,18822,235,249,59,486,33,343,13654,2947
"2011","Lewes","E07000063",40055,20923,258,134,105,268,34,331,14754,3248
"2011","Rother","E07000064",32090,18809,126,121,56,206,14,218,9950,2590
"2011","Wealden","E07000065",55601,32471,252,163,95,308,34,455,17504,4319
"2011","Basingstoke and Deane","E07000084",84821,49051,526,1069,107,922,268,396,26687,5795
"2011","East Hampshire","E07000085",48214,29437,264,186,69,282,59,259,14224,3434
"2011","Eastleigh","E07000086",64219,37693,223,403,55,690,405,327,20245,4178
"2011","Fareham","E07000087",51004,30085,159,166,43,326,61,274,16439,3451
"2011","Gosport","E07000088",26652,15478,93,96,13,187,19,181,8884,1701
"2011","Hart","E07000089",40079,24100,383,540,46,433,141,147,11654,2635
"2011","Havant","E07000090",46667,26046,140,146,46,294,46,252,16624,3073
"2011","New Forest","E07000091",75620,45766,251,166,103,399,92,510,22664,5669
"2011","Rushmoor","E07000092",49880,28371,996,1422,66,722,196,216,14484,3407
"2011","Test Valley","E07000093",57602,35934,195,228,40,328,162,325,16377,4013
"2011","Winchester","E07000094",75566,44463,384,466,93,532,216,399,23811,5202
"2011","Ashford","E07000105",54618,33135,420,624,61,422,89,273,15569,4025
"2011","Canterbury","E07000106",66713,39260,378,424,99,565,117,414,20272,5184
"2011","Dartford","E07000107",54972,32640,276,852,66,1143,1289,230,14967,3509
"2011","Dover","E07000108",43282,26553,198,257,39,294,50,272,12413,3206
"2011","Gravesham","E07000109",32015,19364,117,366,30,513,2086,173,7457,1909
"2011","Maidstone","E07000110",76795,46729,455,843,80,820,298,410,22018,5142
"2011","Sevenoaks","E07000111",46402,28876,215,274,76,407,166,197,12855,3336
"2011","Folkestone and Hythe","E07000112",44250,26233,575,915,29,355,33,236,12621,3253
"2011","Swale","E07000113",52439,32326,152,297,32,395,225,230,15406,3376
"2011","Thanet","E07000114",47538,28025,235,355,87,518,63,310,14627,3318
"2011","Tonbridge and Malling","E07000115",60126,36320,238,424,56,515,207,279,17984,4103
"2011","Tunbridge Wells","E07000116",54985,33177,236,323,101,648,64,272,15954,4210
"2011","Cherwell","E07000177",71803,44409,314,367,103,1213,296,306,19933,4862
"2011","Oxford","E07000178",99423,52593,816,1293,476,3316,335,634,32433,7527
"2011","South Oxfordshire","E07000179",61683,36951,314,371,145,618,136,304,18427,4417
"2011","Vale of White Horse","E07000180",62253,37156,284,429,116,652,131,267,18923,4295
"2011","West Oxfordshire","E07000181",48222,30312,193,141,66,294,45,236,13613,3322
"2011","Elmbridge","E07000207",56375,33917,400,1077,273,1232,288,247,14953,3988
"2011","Epsom and Ewell","E07000208",30223,17706,201,828,90,828,79,133,8347,2011
"2011","Guildford","E07000209",77684,44567,589,1054,189,1259,206,435,23722,5663
"2011","Mole Valley","E07000210",46437,27475,259,808,147,753,130,229,13214,3422
"2011","Reigate and Banstead","E07000211",67831,39839,393,1448,138,1419,194,315,19305,4780
"2011","Runnymede","E07000212",49802,29161,339,1577,182,1225,642,219,13219,3238
"2011","Spelthorne","E07000213",41012,23861,265,1408,119,1166,808,180,10464,2741
"2011","Surrey Heath","E07000214",43918,26453,557,909,64,841,240,211,11676,2967
"2011","Tandridge","E07000215",33114,20197,157,392,63,419,40,158,9320,2368
"2011","Waverley","E07000216",52153,31907,294,328,96,462,60,289,14909,3808
"2011","Woking","E07000217",44230,25319,358,918,102,2082,200,177,12039,3035
"2011","Adur","E07000223",22179,11973,114,88,81,246,11,143,7822,1701
"2011","Arun","E07000224",49092,29619,185,156,53,348,30,272,14803,3626
"2011","Chichester","E07000225",61226,37842,314,243,77,329,45,354,17541,4481
"2011","Crawley","E07000226",79370,44522,362,2398,136,2766,449,356,23202,5179
"2011","Horsham","E07000227",56174,33274,258,343,92,424,65,319,17168,4231
"2011","Mid Sussex","E07000228",60745,34970,291,600,132,688,70,682,18620,4692
"2011","Worthing","E07000229",49415,27080,331,358,108,570,75,409,16669,3815
"2011","Bath and North East Somerset","E06000022",89861,48060,492,326,137,565,98,589,32322,7272
"2011","Bournemouth","E06000028",81141,44820,559,688,388,1188,89,573,26754,6082
"2011","Bristol, City of","E06000023",236098,115055,1415,1388,368,5315,903,1675,91997,17982
"2011","Cornwall","E06000052",235859,134530,929,384,188,552,87,1883,77949,19357
"2011","Isles of Scilly","E06000053",1299,644,8,1,2,1,0,9,494,140
"2011","North Somerset","E06000024",83584,48028,307,220,59,483,75,506,27939,5967
"2011","Plymouth","E06000026",121963,71029,466,298,79,616,47,675,40322,8431
"2011","Poole","E06000029",78847,45223,340,336,162,584,51,478,25962,5711
"2011","South Gloucestershire","E06000025",141998,78512,509,1047,119,1560,411,662,49375,9803
"2011","Swindon","E06000030",108642,62166,586,1334,85,1342,611,587,34763,7168
"2011","Torbay","E06000027",52544,31733,205,102,40,225,33,326,16019,3861
"2011","Wiltshire","E06000054",222448,137083,962,904,201,1101,219,1341,64127,16510
"2011","East Devon","E07000040",53997,32692,197,44,62,161,14,330,16205,4292
"2011","Exeter","E07000041",83220,45923,390,149,88,569,75,567,29175,6284
"2011","Mid Devon","E07000042",30331,18337,98,50,15,74,5,171,9156,2425
"2011","North Devon","E07000043",47704,27719,189,77,30,167,31,297,15232,3962
"2011","South Hams","E07000044",43382,25196,250,39,49,116,13,373,13773,3573
"2011","Teignbridge","E07000045",50050,29457,203,45,42,144,9,360,15788,4002
"2011","Torridge","E07000046",24610,14969,67,16,11,80,11,189,7248,2019
"2011","West Devon","E07000047",21560,13178,86,17,22,42,5,151,6340,1719
"2011","Christchurch","E07000048",20702,12330,92,47,42,122,7,141,6350,1571
"2011","East Dorset","E07000049",33977,20689,77,52,55,160,15,202,10174,2553
"2011","North Dorset","E07000050",30265,19343,136,126,33,96,13,179,8029,2310
"2011","Purbeck","E07000051",20220,12197,78,21,12,57,11,124,6180,1540
"2011","West Dorset","E07000052",52101,31802,225,98,45,167,18,404,15128,4214
"2011","Weymouth and Portland","E07000053",21283,12392,128,31,27,116,15,152,6831,1591
"2011","Cheltenham","E07000078",63483,36639,260,450,72,545,136,316,20437,4628
"2011","Cotswold","E07000079",43391,28106,131,119,52,162,35,234,11573,2979
"2011","Forest of Dean","E07000080",30458,19444,106,46,12,88,42,173,8250,2297
"2011","Gloucester","E07000081",63844,39275,221,366,39,1156,91,314,18126,4256
"2011","Stroud","E07000082",50092,29707,196,129,51,188,36,449,15462,3874
"2011","Tewkesbury","E07000083",46180,28438,114,230,38,302,61,210,13711,3076
"2011","Mendip","E07000187",49267,29548,253,65,36,136,15,626,14484,4104
"2011","Sedgemoor","E07000188",46639,29112,109,48,16,157,24,270,13471,3432
"2011","South Somerset","E07000189",77724,49373,234,96,52,233,28,459,21468,5781
"2011","Taunton Deane","E07000190",59898,36061,229,128,39,223,16,391,18247,4564
"2011","West Somerset","E07000191",14929,9260,69,8,9,46,5,97,4240,1195
"2011","Isle of Anglesey","W06000001",24405,15520,72,14,15,70,20,96,6675,1923
"2011","Gwynedd","W06000002",57626,34367,201,123,22,361,16,319,17694,4523
"2011","Conwy","W06000003",45201,28040,169,98,16,238,16,223,13098,3303
"2011","Denbighshire","W06000004",41357,26075,167,141,15,238,9,187,11624,2901
"2011","Flintshire","W06000005",72020,46833,189,134,31,351,35,188,19496,4763
"2011","Wrexham","W06000006",60837,38538,188,252,26,436,51,149,17023,4174
"2011","Powys","W06000023",60142,36192,327,162,41,176,32,403,17835,4974
"2011","Ceredigion","W06000008",32426,18779,164,74,25,175,11,334,10119,2745
"2011","Pembrokeshire","W06000009",52951,32676,229,145,18,231,20,370,15320,3942
"2011","Carmarthenshire","W06000010",73870,44720,226,174,35,347,64,420,22523,5361
"2011","Swansea","W06000011",110469,60097,440,410,60,1262,153,566,40104,7377
"2011","Neath Port Talbot","W06000012",51434,28709,147,122,18,298,71,204,18477,3388
"2011","Bridgend","W06000013",60466,32404,167,201,19,307,37,248,23309,3774
"2011","Vale of Glamorgan","W06000014",45574,25453,144,146,43,439,45,219,16002,3083
"2011","Cardiff","W06000015",199702,104198,925,2025,357,5608,479,960,72160,12990
"2011","Rhondda Cynon Taff","W06000016",82073,41054,247,273,36,555,109,314,34344,5141
"2011","Merthyr Tydfil","W06000024",24856,13649,68,81,5,118,29,105,9317,1484
"2011","Caerphilly","W06000018",58647,28838,144,146,31,379,77,215,24965,3852
"2011","Blaenau Gwent","W06000019",22021,10782,49,49,3,127,26,66,9368,1551
"2011","Torfaen","W06000020",38863,20941,128,150,14,246,39,142,14567,2636
"2011","Monmouthshire","W06000021",38064,22461,125,111,31,199,29,214,12011,2883
"2011","Newport","W06000022",73360,40467,215,444,38,1754,84,283,25161,4914
